#{"t_start": 1760654543.3810496, "env_id": "None"}
r,l,t
-0.4599831,181,7.295219
-0.39998078,189,7.32216
-2.8899837,191,7.335184
0.16001488,193,7.345201
-2.3299835,197,7.363244
-2.36998,201,7.379768
-0.829978,201,7.379768
1.8000238,207,7.402311
-0.9199848,207,7.402311
0.16002178,209,7.41233
3.3200243,209,7.41233
2.8600204,213,7.430516
1.2600203,217,7.447551
0.22002316,235,7.502293
1.2100201,235,7.503292
0.7300167,317,7.739802
-4.93999,201,7.945199
0.0600214,217,7.974236
-1.5599813,207,7.974236
-1.1399832,207,7.983258
-4.91999,201,8.018614
-1.7499857,209,8.043154
0.5800209,217,8.053175
0.26002598,227,8.088736
-1.719986,215,8.107781
-0.08998203,235,8.107781
-0.08998203,235,8.142353
-0.06998253,235,8.150869
0.08002186,235,8.168903
-0.079981804,235,8.240053
-0.049981117,235,8.240053
2.3800275,215,8.477692
-1.1399841,207,8.662256
-5.4899907,201,8.722354
-0.13998318,235,8.770564
-1.0599813,235,8.770564
-1.1099825,207,8.792094
-0.5599823,223,8.804116
-4.92999,201,8.813133
-0.069981575,235,8.872535
-1.1999846,235,8.889063
-0.09998226,209,8.927919
-1.1499844,235,8.944449
-0.02998066,235,9.014093
1.2000246,327,9.110803
-0.9899807,359,9.179991
-0.11998272,331,9.230096
-0.10997105,261,9.286702
-1.7499857,207,9.323344
-4.3699894,201,9.367975
-4.869988,201,9.418072
-4.2599864,201,9.447633
-1.1399841,207,9.463862
-0.08998203,181,9.519718
-5.4899907,201,9.519718
-0.07998276,235,9.535249
-1.1199837,235,9.570325
-1.0799818,235,9.640797
-1.719985,207,9.765534
-1.089982,273,9.869097
-1.1599846,235,9.916676
-4.5799813,201,9.916676
-4.5799813,201,9.956241
-4.92999,201,10.004334
-1.0399818,207,10.074183
12.220036,363,10.08069
-4.1899843,201,10.088711
-1.7099848,207,10.12076
-5.4899907,201,10.158843
-3.9999804,201,10.267036
-1.1399851,235,10.267036
-1.179985,181,10.425577
2.670022,303,10.454639
-1.1499834,235,10.492206
11.700035,409,10.51232
-4.91999,201,10.546899
-4.669984,201,10.546899
-4.5799813,201,10.586464
-5.4899907,201,10.630049
-4.91999,201,10.699763
-5.4899907,201,10.709559
-1.719985,207,10.730098
-4.9299903,201,10.748139
-4.689984,201,10.790723
11.580032,405,10.842481
-5.4899907,201,10.910133
-1.7499857,207,11.095277
-4.8599877,201,11.137808
-1.679985,207,11.176891
-1.719985,207,11.212377
-5.4899907,201,11.235435
0.94001865,327,11.306586
-5.419991,201,11.354703
0.2500143,253,11.375235
-4.7999864,201,11.435355
-4.6699853,205,11.503649
0.9300184,327,11.526192
0.26001453,255,11.547732
0.27001476,269,11.628143
31.879963,357,11.785503
-5.4899907,201,11.831084
-1.7499857,207,11.882672
-1.7099848,207,11.900215
-4.899989,201,11.954297
10.710024,275,11.987615
-5.4899907,201,11.998122
11.47003,341,12.00563
-1.1699839,207,12.038179
-5.4899907,201,12.079753
12.660034,425,12.100799
-5.4899907,201,12.150075
-4.9299903,201,12.174628
-4.92999,201,12.193661
-1.7399855,207,12.285349
-1.7399855,207,12.445668
-5.439991,201,12.476248
0.3200159,421,12.504303
-1.7499857,207,12.549908
-1.7399855,207,12.568619
-5.4899907,201,12.643329
-5.439991,201,12.677874
-1.1899843,235,12.712436
-5.4899907,201,12.778932
0.27001476,255,12.809996
-1.7399855,207,12.823524
0.24001408,267,12.845558
-1.5699816,215,12.869881
0.9300184,255,12.914488
-5.4899907,201,12.926504
11.200024,297,13.023545
-5.4899907,201,13.081134
-1.7499857,207,13.153445
-5.4899907,201,13.201051
-1.7499857,181,13.221093
10.720024,273,13.465803
-1.1999846,235,13.506881
-4.93999,201,13.516901
-1.7499857,207,13.53243
-5.4899907,201,13.544453
-4.5799813,201,13.570619
10.670023,273,13.609243
-1.7499857,207,13.634787
-1.7499857,207,13.642796
0.26001453,257,13.672343
31.959965,369,13.718926
-5.4899907,201,13.937016
10.700024,273,13.96959
0.2500143,255,13.978767
0.2500143,253,14.083552
-1.7499857,207,14.15124
-5.4899907,201,14.219921
-5.4899907,201,14.232453
-5.459991,201,14.303543
-5.4899907,201,14.330111
-4.93999,201,14.33878
-5.4899907,201,14.410909
0.33001614,355,14.410909
-1.1899853,235,14.469025
0.84001637,305,14.539186
0.9200182,327,14.606394
-3.5899827,201,14.645468
-1.6899843,181,14.754638
0.2500143,253,14.799329
10.700024,273,14.836403
11.570032,403,14.917662
-5.4899907,201,14.982658
-1.7399855,205,14.994675
10.690023,275,15.020229
0.29001522,253,15.052783
-5.479991,201,15.071309
-1.7499857,207,15.091157
-1.7499857,207,15.149279
-5.4899907,201,15.27556
-4.91999,201,15.310133
0.8900175,365,15.407357
-5.4899907,201,15.421382
-1.7399855,181,15.487423
-4.9299903,201,15.499446
11.570032,375,15.510955
11.930029,323,15.582595
-5.4699907,201,15.621027
-4.9299903,201,15.630046
0.24001408,267,15.674527
-3.8699884,201,15.690054
-1.2099848,235,15.758187
0.24001408,255,15.85588
-0.079981804,235,15.874919
0.2500143,255,15.881427
-0.09998226,235,16.007294
-1.1999846,235,16.041358
-1.719985,207,16.061405
-1.7499857,207,16.145575
-1.1299839,235,16.162793
-1.1499844,235,16.231423
-0.10998249,235,16.249454
-4.92999,201,16.264478
-1.1799841,235,16.32377
-0.09998226,235,16.362624
-1.7499857,207,16.407196
-0.09998226,235,16.413707
-1.1899843,235,16.428237
-5.4899907,201,16.520402
-5.4899907,201,16.531417
-1.1599846,235,16.613581
-1.7299852,207,16.711272
-0.08998203,235,16.769376
-5.4899907,201,16.797112
-4.3899894,201,16.815644
0.2500143,253,16.88126
-1.7499857,207,16.908314
-4.3899894,201,16.919332
-1.1799841,235,17.011382
-4.90999,201,17.072971
-1.1699848,207,17.093014
2.002716e-05,235,17.093014
-0.64998436,235,17.13358
-1.1899853,235,17.198456
-1.7399855,207,17.204967
-0.049981117,235,17.294688
-0.57998276,209,17.30471
-5.439991,201,17.368052
-4.3899894,201,17.423657
-1.7299852,207,17.469739
-5.4899907,197,17.51681
-4.91999,201,17.552877
-1.2099848,235,17.574925
-1.7499857,207,17.589447
-5.4899907,201,17.665583
-0.12998295,209,17.768438
-1.7399855,207,17.801507
-0.01998043,235,17.851105
-0.13998318,235,17.942825
-1.1999846,235,17.949336
-0.10998249,235,18.038117
-1.1899853,235,18.049134
-5.4899907,201,18.070012
-1.089983,235,18.122862
-1.7499857,207,18.1414
-1.1399841,207,18.225651
12.200035,369,18.268548
-1.6599836,215,18.275059
-1.2099848,235,18.290591
-1.1199837,235,18.359347
-0.13998318,235,18.435993
-0.059981346,235,18.534692
-0.02998066,235,18.566752
-0.079981804,235,18.61736
-1.179985,235,18.733817
-4.90999,201,18.746843
0.16002369,217,18.78945
-0.13998318,235,18.858284
-0.12998295,235,18.934962
-0.11998272,235,18.953002
-0.4699793,217,18.986584
-0.3499775,217,19.040865
-1.5799818,215,19.047377
-5.4899907,201,19.072931
-0.10998249,235,19.11051
0.020020485,207,19.323097
11.570032,401,19.354667
0.060020447,235,19.39375
-0.08998203,235,19.478571
-1.7299852,209,19.511644
-0.11998272,209,19.543711
-0.069981575,235,19.591295
-0.5499821,209,19.611331
-1.719985,207,19.671437
-0.13998318,235,19.762691
0.0600214,227,19.762691
0.24002552,235,19.83393
-0.10998249,235,19.857476
-0.02998066,235,19.889611
33.69997,445,19.962754
-5.4899907,201,19.981294
0.040020943,207,20.053947
-0.9399786,309,20.078284
-1.1599846,235,20.12293
-4.3899894,201,20.13495
-0.03998089,209,20.189566
-5.4899907,201,20.255698
-0.13998318,235,20.301496
-5.479991,201,20.323041
-0.13998318,235,20.352968
-1.7299852,207,20.435185
-1.1899853,235,20.513824
-1.629983,215,20.544875
-1.5599813,207,20.552955
-1.089983,235,20.590521
-3.8699884,201,20.625081
-1.6999846,207,20.633095
-1.0699825,235,20.791425
-3.8699884,201,20.805956
-1.1699848,223,20.815859
0.030020714,235,20.825888
0.110022314,223,20.835906
-5.4899907,201,20.969151
-0.11998272,235,20.98769
0.24002552,243,21.059072
-3.8699884,201,21.069582
0.24002552,243,21.087609
-4.92999,201,21.22928
2.002716e-05,235,21.267693
-0.03998089,209,21.29173
0.0600214,235,21.301753
0.07002163,235,21.310263
-1.4099779,235,21.380399
-0.11998272,209,21.48836
0.040020943,207,21.495875
-1.2099848,235,21.552981
-0.11998272,235,21.567008
-0.12998295,235,21.580547
-4.93999,201,21.621637
-1.1099834,207,21.656713
0.010020256,207,21.729361
-0.13998318,235,21.804006
-0.059981346,235,21.827547
-5.4899907,201,21.861607
-5.4899907,201,21.931747
-1.7399855,207,21.944273
-1.1699848,235,22.003963
-1.7299852,207,22.025894
-0.09998226,235,22.03592
-5.4899907,201,22.124834
-1.179985,235,22.225033
-0.63998413,235,22.289546
-0.13998318,235,22.303069
-0.01998043,235,22.317594
-0.60998344,235,22.35517
-0.069981575,235,22.390732
0.020020485,217,22.415279
-1.5999823,215,22.502962
-0.13998318,235,22.543952
-0.02998066,235,22.599509
-1.1899853,235,22.669201
-1.7099848,207,22.678232
-1.0699825,235,22.68774
-0.059981346,235,22.745864
-0.12998295,235,22.765903
-0.009980202,207,22.779927
-5.4899907,201,22.931696
-1.0799828,235,22.957247
0.100022316,217,22.971776
-5.4899907,201,23.017378
-0.09998226,235,23.041419
0.07002163,223,23.056948
0.14002323,235,23.1387
-0.059981346,235,23.222849
0.040020943,207,23.236873
-0.11998272,235,23.269769
0.040020943,207,23.32286
0.16002369,217,23.347396
-0.02998066,235,23.397806
-0.12998295,235,23.463932
-1.1199837,235,23.484981
-0.08998203,235,23.500512
0.25002575,209,23.587697
-0.97998047,207,23.651815
-0.12998295,235,23.683897
-1.5499811,235,23.69843
-1.3799772,235,23.759545
-0.01998043,235,23.777074
-0.059981346,235,23.86293
-5.4899907,201,23.892992
-0.10998249,235,23.948607
-1.1799841,235,23.963132
-1.6899843,207,23.988677
0.24002552,235,24.047786
-0.3199768,217,24.068445
-0.10998249,235,24.185163
-0.069981575,235,24.206212
0.07002163,235,24.220734
-0.12998295,235,24.30174
-0.6199837,235,24.365341
-0.13998318,235,24.397908
-0.10998249,235,24.412924
-0.13998318,235,24.470917
-0.12998295,235,24.49089
-0.069981575,235,24.575053
-5.4899907,201,24.575053
-1.1499844,235,24.606197
-1.7499857,207,24.61847
-0.049981117,235,24.668571
-5.4899907,201,24.680093
-0.069981575,235,24.761731
-0.11998272,209,24.823345
-1.7499857,207,24.838868
-5.4899907,201,24.996177
-0.60998344,235,25.007199
-1.7499857,207,25.035272
-1.1999846,235,25.083373
-4.91999,201,25.101902
-0.12998295,235,25.190568
-1.7299852,207,25.20979
-1.6899843,207,25.251864
-1.1899853,235,25.295951
-0.57998276,209,25.319495
-0.09998226,235,25.333027
13.180035,371,25.360665
-4.9299903,201,25.39072
-5.4899907,201,25.46435
-0.09998226,235,25.551521
-5.4899907,201,25.644212
-1.7499857,207,25.664244
-4.93999,201,25.675266
-0.96998024,217,25.776
-0.9299793,359,25.776
-0.13998318,235,25.819841
-1.7299852,207,25.841877
-0.10998249,235,25.934034
-0.64998436,235,25.976096
-0.09998226,235,26.026273
2.002716e-05,235,26.050816
-1.1899843,235,26.066345
-0.059981346,235,26.091886
-1.7499857,207,26.113434
-5.4899907,201,26.183056
-0.09998226,235,26.395414
-0.11998272,235,26.425482
-0.13998318,235,26.437006
2.7800264,333,26.459544
-4.90999,201,26.503115
-0.11998272,235,26.556449
-0.13998318,235,26.556449
2.002716e-05,235,26.600035
-1.1099834,207,26.717395
-1.1999846,235,26.717395
-0.12998295,235,26.765506
-0.11998272,235,26.839647
-0.10998249,235,26.853166
-0.12998295,235,26.879235
-1.6999846,207,26.892255
-0.069981575,235,26.906278
-4.3899894,201,27.074511
-1.719985,207,27.081019
-1.1399841,207,27.171673
-0.11998272,235,27.197727
-0.049981117,235,27.224293
-1.6999846,207,27.231801
-1.6199827,215,27.303454
-0.08998203,235,27.325475
-4.3899894,201,27.387093
-1.7499857,207,27.44608
-1.1699848,235,27.49068
-1.7499857,207,27.513224
-5.4899907,201,27.530757
-4.93999,201,27.54429
-1.7499857,207,27.577847
-1.2099848,235,27.620925
-5.4899907,201,27.741684
-1.1999846,235,27.838098
-1.7499857,207,27.846106
-1.7299852,207,27.870648
-4.92999,201,27.950781
-1.1699848,235,27.96881
-1.1899853,235,27.975318
-1.719985,207,28.03092
-1.1799841,235,28.039934
-4.91999,201,28.071984
-1.7499857,207,28.130069
-1.7499857,207,28.15561
-4.93999,201,28.162121
-1.7499857,207,28.177643
-1.6799841,207,28.214213
-1.7499857,207,28.25795
-5.4899907,201,28.449363
-1.7499857,207,28.461876
-1.719985,207,28.492431
0.2500143,253,28.508956
-0.09998226,207,28.582086
-4.93999,201,28.644414
-1.1999846,235,28.681981
-1.1899853,235,28.6885
-1.7399855,207,28.70452
-0.13998318,235,28.749093
-1.1099825,207,28.771133
-1.7399855,207,28.795171
-1.719985,207,28.811699
-1.1599846,235,28.880902
-0.13998318,235,28.931043
-1.2099848,235,28.973476
-4.1499834,201,29.070158
-5.4899907,201,29.08568
-4.9299903,201,29.194384
-0.12998295,235,29.216425
-1.1699848,235,29.234467
-4.93999,201,29.272034
-5.4899907,201,29.314639
-5.4899907,201,29.333177
-1.7499857,207,29.341692
-4.93999,201,29.398794
-1.6999846,207,29.453388
-0.12998295,235,29.485447
-1.6999846,207,29.521898
-1.1699848,235,29.529912
-5.4899907,201,29.597138
-1.179985,235,29.657694
-5.4899907,201,29.701321
-1.1599846,235,29.821845
-4.92999,201,29.8489
-4.93999,201,29.900006
-5.4899907,201,29.954611
-0.12998295,235,29.969132
0.2500143,255,30.004255
-0.5999832,235,30.04533
-1.2099848,235,30.06336
-1.7399855,207,30.096418
-5.4899907,201,30.113445
-1.2099848,235,30.13659
-5.4899907,201,30.16365
-1.7499857,207,30.182193
-5.4899907,201,30.328001
-0.64998436,235,30.328001
-1.6599836,215,30.328001
-1.719985,181,30.447621
-5.4899907,201,30.465246
-1.1699848,235,30.536654
-1.7499857,207,30.621812
-5.4899907,201,30.657371
-1.6899843,207,30.663383
-0.13998318,235,30.669894
-1.1999846,235,30.683418
-4.93999,201,30.703449
-5.4899907,201,30.734494
-5.4899907,201,30.763542
-4.90999,201,30.782081
-1.1899853,235,30.83118
-4.93999,201,30.947419
-5.4899907,201,30.947419
-1.7499857,207,30.969969
-1.7299852,207,31.094309
-1.7499857,207,31.111844
-5.4899907,201,31.173468
-1.719985,207,31.279246
-5.4899907,201,31.31535
-1.7499857,207,31.321864
-1.7499857,207,31.334393
-1.7499857,207,31.364574
-5.4899907,201,31.401919
-4.93999,201,31.420956
-1.1999846,235,31.427969
-5.4899907,201,31.472067
-0.11998272,235,31.493516
-5.4899907,201,31.588051
-5.4899907,201,31.588051
-1.7399855,207,31.625491
-4.9399896,201,31.730334
-5.4899907,201,31.895508
0.24001408,267,31.931173
-5.4899907,201,31.9448
-1.719985,207,31.95781
-1.6699848,207,31.964322
-5.4899907,201,31.981845
0.24001408,267,32.005386
-4.90999,201,32.024424
-1.7499857,207,32.058997
-5.4899907,201,32.088071
-1.7399855,207,32.130147
-5.4899907,201,32.204483
-5.4899907,201,32.204483
-5.4899907,201,32.240042
0.29001522,269,32.255571
-5.4899907,201,32.35375
-3.8699884,201,32.515568
-5.4899907,201,32.556725
-5.4899907,201,32.571252
-1.7099857,207,32.591789
-4.93999,201,32.654376
-5.4899907,201,32.680915
-1.1399832,235,32.711964
-1.7499857,207,32.73872
0.24001408,255,32.784369
-5.4899907,201,32.801904
-1.7399855,207,32.820158
-1.7499857,207,32.858989
0.83001614,307,32.878901
0.2500143,253,33.012145
-5.4899907,201,33.120354
-1.7499857,207,33.249367
31.949963,421,33.307476
-5.4899907,201,33.321999
-5.4899907,201,33.351242
0.2500143,253,33.383796
-1.7499857,207,33.398319
-5.4899907,201,33.408335
0.26001453,267,33.460926
0.37001514,357,33.483461
-5.4899907,201,33.492476
-4.609982,201,33.532033
10.020031,229,33.552104
0.27001476,255,33.63676
0.2500143,255,33.707405
0.24001408,255,33.833506
-5.4899907,201,33.861051
-5.4899907,201,33.920388
-4.0899825,201,33.935923
-5.4899907,201,33.967983
-5.4899907,201,34.002039
-1.7499857,207,34.032096
-1.1099825,207,34.089277
-1.7399855,207,34.122415
-5.4899907,201,34.140935
0.34001446,269,34.227599
-5.4899907,201,34.247645
0.2500143,253,34.259166
-1.1899843,235,34.26818
1.7000246,373,34.328878
-1.7499857,207,34.345907
-5.4899907,201,34.453836
-5.4899907,201,34.482405
-1.7499857,207,34.556544
-1.7099848,207,34.571067
-5.4899907,201,34.616732
-5.4899907,201,34.648293
-5.4899907,201,34.705822
0.2500143,253,34.739387
-5.479991,201,34.860246
-5.4699907,201,34.924873
0.24001408,267,34.943905
-1.7499857,207,34.967444
-1.7499857,207,35.078164
-1.7099848,207,35.111066
11.200024,295,35.130096
-4.93999,201,35.17396
0.84001637,351,35.196015
-4.6399827,201,35.233589
-5.4899907,201,35.264644
-5.4899907,201,35.3213
-5.4899907,201,35.355874
11.550032,363,35.362385
10.700024,273,35.408469
-1.7499857,205,35.495564
-5.4899907,201,35.552129
-1.7499857,207,35.583679
0.8800163,451,35.632267
-4.9299903,201,35.691375
-5.4899907,201,35.734969
0.26001453,255,35.745985
-4.86999,201,35.781053
-4.3899894,201,35.800589
-1.1999846,235,35.829132
-1.7399855,207,35.859188
-5.4899907,201,35.875722
-5.4899907,201,35.931286
-4.9299903,201,35.964844
-4.699984,201,35.972354
-5.4899907,201,36.02148
-5.4899907,201,36.161227
-1.7499857,207,36.217546
-5.4899907,201,36.253619
0.24001408,255,36.282165
-5.4899907,201,36.327674
-5.4899907,201,36.369271
-1.7399855,207,36.398897
-4.5799813,201,36.438253
0.28001404,255,36.580446
-1.7499857,207,36.580446
-5.4899907,201,36.601484
-1.6799841,207,36.62053
-5.4899907,201,36.659487
10.720024,273,36.734679
0.80001545,303,36.792499
-5.4899907,201,36.814045
-5.4899907,201,36.864642
-5.4899907,201,36.899709
-4.93999,201,36.922236
11.270025,345,36.950292
-1.7299852,207,36.98687
-1.7299852,181,37.015943
-1.7499857,207,37.055027
0.2500143,255,37.188316
-4.92999,201,37.247749
-5.4899907,201,37.269455
-5.4899907,201,37.288135
-1.7499857,207,37.350259
0.2500143,253,37.443926
-1.7399855,207,37.568486
-0.12998295,235,37.584023
-5.479991,201,37.591538
-0.12998295,235,37.614086
-5.4899907,201,37.6216
-4.91999,201,37.652159
-5.4899907,201,37.690465
-5.459991,201,37.718581
-1.719986,207,37.77819
-4.92999,201,37.881392
-5.4899907,201,37.980168
-1.7499857,207,38.032165
-5.4899907,201,38.072318
-1.1899853,235,38.093863
31.939964,433,38.228173
-5.4899907,201,38.274822
-5.4899907,201,38.292361
-4.93999,201,38.312415
-5.4899907,201,38.319427
-4.5399814,201,38.350486
-1.7499857,207,38.406113
-1.7499857,207,38.481262
-1.7499857,207,38.570256
0.8100157,303,38.589288
1.5900221,351,38.60231
-1.6999855,207,38.634871
-5.4699907,201,38.651398
0.8100157,303,38.709507
-1.7499857,207,38.709507
-1.1899843,235,38.830463
-1.7499857,207,38.877791
-4.6399827,201,38.908359
-1.7399855,207,38.94795
-1.7499857,205,38.96799
-1.7399855,207,38.978511
-5.4899907,201,38.994046
-1.7399855,207,39.075749
-4.9299903,201,39.153752
-1.7299852,181,39.23036
-5.4899907,201,39.284997
-1.7499857,207,39.285999
-4.9299903,201,39.348686
-1.7399855,207,39.355199
-5.4899907,201,39.409731
-5.4899907,201,39.51496
-5.4899907,201,39.566098
0.2500143,253,39.57963
-5.4899907,201,39.634742
-5.4899907,201,39.65478
-5.4899907,201,39.670307
-1.7499857,207,39.675813
-1.2099848,235,39.706861
-4.93999,201,39.734911
-5.4899907,201,39.898054
-5.4899907,201,39.898054
-5.459991,201,39.951736
0.29001522,269,39.979287
-5.4899907,201,40.007099
-1.2099848,235,40.05776
10.720024,273,40.065902
-1.7499857,181,40.098362
-4.9299903,201,40.115885
-1.7499857,207,40.184224
-1.7499857,207,40.234971
-4.93999,201,40.250501
-5.4899907,201,40.258518
-1.7499857,207,40.265029
-5.4899907,201,40.334211
10.710024,275,40.497046
-5.4899907,201,40.541613
-5.4899907,201,40.565157
0.26001453,255,40.639864
-1.6999855,207,40.664056
-4.93999,201,40.682184
10.710024,275,40.71073
-1.2099848,235,40.750292
-5.4899907,201,40.772329
-5.4899907,201,40.822493
-5.4899907,201,40.839527
-5.4899907,201,40.846037
-1.7499857,207,40.861558
0.2500143,255,40.87258
0.83001614,307,40.921673
-1.719985,207,40.935208
-5.4699907,201,41.176113
0.2500143,253,41.282387
-5.4899907,201,41.282387
-5.4899907,201,41.30504
-5.4899907,201,41.345119
1.3500156,267,41.403237
-1.719986,207,41.403237
-5.4899907,201,41.456265
-5.4899907,201,41.475307
0.2500143,255,41.486825
-1.719985,181,41.49859
-1.7499857,207,41.521753
-1.1999846,235,41.521753
-1.719985,207,41.530773
-1.7299852,207,41.590261
-5.4899907,201,41.764288
31.84996,329,41.83619
-5.4899907,201,41.865251
-1.7399855,181,41.865251
-1.7499857,207,41.885285
-1.7499857,207,41.907827
-4.9299903,201,42.028898
-4.93999,201,42.049427
-4.91999,201,42.063959
-1.719985,207,42.07102
-4.5799813,201,42.088039
-4.93999,201,42.096052
0.2500143,253,42.137115
-4.9299903,201,42.153201
-1.2099848,235,42.186911
11.430029,303,42.270568
-5.4899907,201,42.338637
-5.4899907,201,42.407951
-4.89999,201,42.436009
-1.1699848,235,42.529238
-1.129983,235,42.569799
-4.9299903,201,42.603365
-3.849988,201,42.632415
-5.4899907,201,42.639003
-5.4899907,201,42.660532
-1.7399855,207,42.677061
-4.93999,201,42.714903
-0.64998436,235,42.736939
-1.7299852,207,42.751475
-5.4899907,201,42.76955
11.450029,303,42.76955
-1.589982,215,42.897093
-5.459991,201,43.000904
-0.11998272,235,43.023951
-4.3899894,201,43.030461
-5.4899907,201,43.237885
-1.1699848,235,43.237885
-1.589982,207,43.307056
-1.6899843,207,43.322596
-0.13998318,235,43.347146
-1.7499857,207,43.368693
-0.10998249,235,43.388742
-4.3899894,201,43.408276
0.24001408,267,43.434254
-0.64998436,237,43.518469
-0.5999832,235,43.530501
-1.1499844,235,43.54803
-0.069981575,235,43.685354
0.08002186,207,43.712907
-4.93999,201,43.722933
-1.1099834,207,43.75228
-5.4899907,201,43.932688
-1.0299807,217,44.035044
-1.7499857,207,44.035044
0.030020714,235,44.05257
-5.4899907,201,44.059581
-0.079981804,235,44.115991
0.22002506,217,44.129518
-0.11998272,235,44.156072
-1.1999846,235,44.202917
-0.63998413,235,44.266095
-0.11998272,235,44.27812
-0.13998318,235,44.296159
-1.7499857,181,44.328722
-1.0499821,235,44.438967
-0.11998272,235,44.479575
-0.10998249,235,44.488587
-1.2099848,235,44.748386
-5.4899907,201,44.756287
-0.009980202,207,44.767314
-1.1899853,235,44.878831
-1.1899843,235,44.894363
-1.1599846,235,44.954499
-0.02998066,235,44.969525
-0.11998272,235,45.012132
-1.7499857,207,45.050746
-1.7499857,207,45.061766
-1.0499811,235,45.085179
-0.12998295,235,45.182895
-0.09998226,235,45.216459
-1.7499857,207,45.244518
-5.4899907,201,45.260545
-1.7499857,207,45.274067
-1.6399832,215,45.510114
-1.1299839,235,45.571736
-0.63998413,235,45.580418
0.15002346,217,45.611477
-5.4899907,201,45.643039
-1.0399818,235,45.683042
-1.7499857,207,45.694077
-0.13998318,235,45.749614
-0.059981346,209,45.757129
-0.11998272,235,45.821686
-1.1699848,235,45.922754
-0.03998089,209,45.941837
-1.1899853,235,45.970687
-0.53998184,235,46.005264
-0.12998295,235,46.022811
-0.11998272,329,46.126553
0.020020485,207,46.253096
-0.13998318,235,46.276142
0.15002346,217,46.292686
-0.13998318,235,46.374348
-0.079981804,235,46.408423
0.030020714,235,46.442653
-0.009980202,207,46.485562
-0.12998295,235,46.504096
-1.1499844,235,46.511127
-1.7099848,207,46.582762
2.002716e-05,235,46.666255
-0.11998272,235,46.696313
0.14002323,235,46.722879
-0.069981575,235,46.738945
-0.03998089,209,46.76549
-0.85997677,359,46.821117
-4.90999,201,46.867217
0.120022774,235,46.986205
-0.049981117,235,47.002742
-0.34997678,209,47.011284
-0.08998203,209,47.045343
-1.7499857,207,47.126503
-0.069981575,235,47.155572
0.030020714,235,47.198162
0.24002552,243,47.235289
-0.069981575,235,47.296507
-1.7399855,207,47.308988
-0.9999809,217,47.400962
-0.059981346,235,47.419832
-0.069981575,235,47.448391
-0.069981575,235,47.491143
-0.13998318,235,47.549773
-0.059981346,235,47.590842
-1.5599813,215,47.695593
0.17002392,235,47.721151
-0.01998043,235,47.729164
-1.7399855,207,47.761707
-4.93999,201,47.804274
-4.93999,201,47.839844
-1.5199804,285,47.854366
-1.1799841,235,47.869925
-0.08998203,235,47.990819
-0.12998295,235,48.002839
-5.4899907,201,48.014358
-0.09998226,235,48.090105
-0.03998089,209,48.095617
-4.90999,201,48.130707
-0.049981117,235,48.141331
-4.92999,201,48.175397
-1.7399855,207,48.355359
-0.12998295,235,48.412968
-1.6399832,215,48.422988
-1.719985,207,48.44553
-1.1499844,235,48.452039
-4.92999,201,48.482089
-1.6599836,207,48.511885
-0.13998318,235,48.564354
-5.4899907,201,48.616449
-1.6899843,215,48.664588
-5.4899907,201,48.714225
-0.08998203,235,48.728742
-1.7499857,207,48.735254
-4.91999,201,48.761003
-4.93999,201,48.794567
-1.1899843,235,48.849212
-0.12998295,235,49.021036
-5.4899907,201,49.04207
-0.13998318,235,49.077637
-1.1999846,235,49.08668
-1.179985,235,49.108213
-1.7299852,207,49.144287
-1.1599846,235,49.167339
-1.719985,207,49.202852
-1.7499857,207,49.251993
-5.4899907,201,49.302087
-1.7499857,207,49.308598
-1.7499857,207,49.342208
-1.7499857,207,49.378263
-1.1899853,235,49.400808
-4.93999,201,49.424348
1.7300253,391,49.566262
-4.5799813,201,49.611342
-1.7499857,181,49.611342
-5.4899907,201,49.629415
-5.4899907,201,49.671044
-5.4899907,201,49.69475
-1.7499857,207,49.771643
-5.459991,201,49.881038
0.26001453,255,49.881038
-4.5799813,201,49.920096
-0.13998318,235,49.930108
-5.4899907,201,49.974691
-5.4899907,201,50.002242
1.3500156,267,50.095479
-1.7099848,181,50.108997
-4.9299903,201,50.200061
-5.4899907,201,50.217588
11.260025,353,50.238615
11.200024,297,50.253138
-4.93999,201,50.268705
-4.3899894,201,50.294306
-1.1999846,235,50.312346
-1.7399855,207,50.385611
-5.4899907,201,50.480248
-1.7299852,207,50.502282
-5.4699907,201,50.528836
-4.92999,201,50.537348
-5.4899907,201,50.588292
-1.6999846,207,50.696527
-0.12998295,235,50.78323
-5.4899907,201,50.805776
-4.93999,201,50.835825
-5.4899907,201,50.882903
-1.1999846,235,50.882903
-1.1999846,235,50.918462
-0.13998318,235,50.943008
11.570032,323,50.952021
-0.03998089,235,50.972056
-1.7399855,207,50.98909
-1.7099848,207,51.07924
-1.1399841,207,51.124812
-1.1599846,235,51.171884
-0.09998226,235,51.19644
-1.179985,235,51.249057
-0.11998272,235,51.350233
-1.7499857,207,51.3608
-1.7299852,207,51.38333
-4.93999,201,51.40037
-1.7499857,207,51.46167
-1.7499857,207,51.519944
-1.6899843,207,51.530957
-1.1899843,235,51.546481
-1.1999846,235,51.581052
-0.63998413,235,51.625724
-5.4899907,201,51.642244
-5.4899907,201,51.747509
-1.1999846,235,51.772986
-1.1899843,235,51.826843
0.80001545,303,51.826843
-1.2099848,235,51.901071
-0.03998089,209,51.945648
-1.7299852,207,51.96217
-1.1899853,235,52.027412
-0.059981346,209,52.061528
-1.1899843,235,52.074545
-4.93999,201,52.119134
-1.6899843,207,52.125639
-0.96998024,217,52.15018
-0.13998318,235,52.24774
-0.059981346,235,52.293327
-1.1499844,235,52.309366
0.08002186,207,52.347423
-1.6899843,215,52.435583
-0.13998318,235,52.448687
-1.179985,235,52.497791
-5.4899907,201,52.536868
-1.0199804,235,52.575448
-0.12998295,235,52.620019
-0.4899807,207,52.639595
-0.09998226,223,52.653113
-0.03998089,209,52.702197
-0.069981575,235,52.728389
-1.1999846,235,52.774455
-0.02998066,235,52.797498
-1.179985,235,52.891025
-1.1799841,235,52.935648
-1.1999846,235,52.951177
-0.11998272,235,52.986732
-0.03998089,209,53.01331
-4.92999,201,53.046867
-0.11998272,235,53.090959
0.05002117,207,53.108488
-1.719985,207,53.141302
-0.11998272,235,53.253164
0.07002163,207,53.260182
-0.079981804,235,53.279742
-0.02998066,235,53.295773
-1.1099825,207,53.351442
-0.08998203,235,53.388522
-0.13998318,235,53.468723
-0.10998249,235,53.563426
-1.2099848,235,53.6075
-0.049981117,235,53.623726
-0.09998226,235,53.662285
0.09002209,235,53.687824
-0.059981346,235,53.720927
-0.09998226,209,53.746969
-0.10998249,235,53.775517
0.05002117,207,53.894958
-1.3799772,235,53.93907
0.24002552,235,53.94558
-1.1999846,235,53.969795
-0.8199768,243,54.04935
-0.6299839,235,54.06137
0.16002369,217,54.083407
-0.8999777,359,54.136
-1.7499857,207,54.213154
-1.179985,235,54.23469
-0.5999832,235,54.279269
-0.09998226,235,54.328866
-0.08998203,235,54.353404
-0.10998249,235,54.385996
-1.179985,235,54.408527
-1.089983,235,54.436584
-1.7099848,207,54.48017
-1.6899843,207,54.54029
-0.60998344,235,54.59889
0.0600214,235,54.605931
-4.92999,201,54.61996
-0.009980202,207,54.658527
2.002716e-05,235,54.707624
0.18002415,209,54.724657
0.020020485,207,54.809828
-5.4899907,201,54.840063
-0.09998226,235,54.871118
-0.049981117,227,54.959526
-0.13998318,235,55.003103
-0.08998203,235,55.03568
-0.12998295,235,55.05922
-0.049981117,235,55.086771
-0.049981117,235,55.129904
0.23002529,235,55.193522
0.05002117,207,55.222571
0.030020714,235,55.254901
0.09002209,235,55.261411
0.0600214,235,55.273427
-0.069981575,235,55.368719
-1.3799772,243,55.380271
0.010020256,207,55.411361
0.24002552,235,55.463479
0.24002552,235,55.519608
0.15002346,209,55.543144
-0.13998318,235,55.651376
-0.049981117,235,55.686935
-1.1999846,235,55.710485
-0.08998203,235,55.737038
-0.059981346,235,55.781105
-1.6899843,207,55.825676
-1.1699848,207,55.840204
-0.11998272,235,55.85322
-0.10998249,235,55.883267
-0.13998318,235,55.91482
-0.57998276,209,55.959404
0.010020256,207,55.989541
-0.10998249,235,56.027632
-4.90999,201,56.084825
-0.12998295,235,56.123132
-0.95997906,235,56.200051
-0.13998318,235,56.30579
-1.2099848,235,56.336844
-1.7099848,207,56.353368
-1.1699848,235,56.363386
-0.10998249,235,56.390434
0.07002163,207,56.408962
-5.4899907,201,56.414974
-0.08998203,235,56.495124
-1.5199804,217,56.516656
-0.10998249,235,56.536691
0.07002163,235,56.638023
-0.059981346,235,56.673218
-0.059981346,235,56.72681
-1.5199804,285,56.750349
-0.08998203,235,56.76938
-0.08998203,235,56.843507
-1.7399855,207,56.91217
-4.3899894,201,56.955739
-0.12998295,235,56.955739
-1.6899843,207,56.976124
-0.09998226,235,57.005674
-0.13998318,235,57.015914
-0.049981117,235,57.041458
0.15002346,217,57.111316
0.14002323,235,57.143365
-0.13998318,235,57.183258
-4.3899894,201,57.23319
-0.12998295,235,57.293306
-1.6099825,215,57.36023
-0.059981346,235,57.380266
-0.12998295,235,57.403312
0.010020256,207,57.422848
-1.6899843,181,57.48595
0.040020943,207,57.53352
0.08002186,207,57.53352
-0.10998249,235,57.570215
-1.5799818,215,57.603256
-0.059981346,235,57.661348
2.002716e-05,235,57.687892
-5.4899907,201,57.743643
-0.6299839,235,57.769694
-1.0699825,235,57.800259
-5.4899907,201,57.850345
-0.12998295,235,57.884876
-1.629983,215,57.956202
-1.6599836,215,57.997168
-1.2099848,235,58.035747
0.17002392,235,58.074823
-0.11998272,209,58.12292
-0.6299839,235,58.149464
-0.03998089,209,58.166997
-0.049981117,235,58.201638
-4.93999,201,58.238698
-0.10998249,235,58.27025
-5.4899907,201,58.310315
-4.90999,201,58.336857
-0.13998318,235,58.361401
-1.7099848,207,58.392452
-5.4899907,201,58.42501
-0.13998318,235,58.5804
-4.92999,201,58.604933
-1.7399855,207,58.657054
-0.02998066,235,58.663563
-1.7499857,207,58.699635
-1.7499857,207,58.766773
-0.11998272,209,58.788813
-1.0599813,235,58.829388
-4.93999,201,58.883493
-0.09998226,235,58.908056
-0.10998249,235,58.94718
-0.37997818,217,58.973728
-1.7399855,207,58.993773
-0.10998249,235,59.048888
-1.1099825,207,59.055903
-0.069981575,235,59.10374
-1.7099848,207,59.246035
-1.7499857,207,59.253083
-0.08998203,235,59.259081
-1.1899843,235,59.282625
-0.12998295,235,59.366926
-4.92999,201,59.396991
-0.64998436,235,59.435062
-1.7499857,207,59.521713
-1.1499844,235,59.542755
-0.64998436,235,59.565794
-1.7499857,207,59.625911
-0.11998272,235,59.631421
-0.12998295,235,59.649458
-5.4899907,201,59.664984
-1.179985,235,59.712573
-1.7399855,181,59.765154
-5.4899907,201,59.816249
-5.4899907,201,59.827262
-5.4899907,201,59.851809
-4.9299903,201,59.962338
-5.4899907,201,59.996898
-1.7499857,181,60.046991
-1.7499857,207,60.099589
-5.4899907,201,60.125663
-4.93999,201,60.180739
-1.7299852,207,60.202774
-5.4899907,201,60.202774
-1.7299852,181,60.21379
0.8100157,303,60.221805
-1.7299852,207,60.385102
-5.4899907,201,60.391173
-1.1899843,235,60.456274
11.200024,297,60.472803
-5.4899907,201,60.542051
11.200024,297,60.577971
-1.1999846,235,60.605089
2.0800333,653,60.6136
-1.7499857,207,60.619611
-5.4899907,201,60.657168
-5.4899907,201,60.681716
-5.4899907,201,60.751533
-4.93999,201,60.751533
-5.4899907,201,60.761546
-5.4899907,201,60.770102
0.26001453,257,60.895335
-5.4899907,201,60.94792
-1.7499857,207,60.971466
-5.4899907,201,61.025068
-5.4899907,201,61.044296
-3.8699884,201,61.120416
-5.4899907,201,61.155237
-5.4899907,201,61.182782
-1.7499857,207,61.207327
-5.4899907,201,61.237891
-5.4899907,201,61.342601
-5.4899907,201,61.350615
0.24001408,255,61.357123
-5.4899907,201,61.36363
-1.7299852,207,61.373644
0.24001408,267,61.456302
-1.1899843,235,61.576031
-4.93999,201,61.623612
-1.1599846,235,61.634135
-1.1699839,235,61.656165
-1.1999846,235,61.703829
-1.7399855,207,61.717349
-1.7499857,207,61.777951
-4.93999,201,61.788976
-5.4899907,201,61.815113
-1.1899843,235,61.840657
-4.91999,201,61.916941
-5.4899907,201,61.925956
-1.7399855,207,61.94799
-1.2099848,235,62.0342
0.26001453,267,62.137397
0.24001408,267,62.233302
-1.719986,207,62.242817
-1.089983,181,62.257346
-1.7499857,207,62.257346
-1.7399855,207,62.281579
-5.4899907,201,62.329037
-5.4899907,201,62.397248
-5.4899907,201,62.410775
-4.90999,201,62.462478
0.8100157,303,62.50355
-5.4899907,201,62.551629
-4.8499875,201,62.559642
0.2500143,253,62.601715
-1.1599836,207,62.685026
0.2500143,253,62.736115
-5.4899907,201,62.857315
-5.4899907,201,62.876344
-1.719985,207,62.889162
-1.7499857,207,62.903681
-5.4899907,201,62.909693
0.27001476,255,62.942743
-5.4899907,201,62.965284
-1.7499857,207,63.050954
0.2500143,253,63.197072
-1.7499857,207,63.246225
-1.1699848,235,63.291818
0.24001408,267,63.302831
-5.4899907,201,63.33648
10.710024,273,63.388094
-4.93999,201,63.411638
0.26001453,267,63.435213
-4.93999,201,63.665419
-1.7399855,181,63.676443
-5.4899907,201,63.691659
-4.9299903,201,63.71822
-1.7399855,207,63.732273
-1.7499857,207,63.753815
-5.4899907,201,63.796431
-5.4899907,201,63.890638
-5.4899907,201,64.052993
-5.4899907,201,64.102621
-5.4899907,201,64.153709
-4.93999,201,64.161733
-5.4899907,201,64.228362
-4.90999,201,64.249402
-4.93999,201,64.270961
-1.1999846,235,64.310035
-5.4899907,201,64.396281
-1.6999855,207,64.410671
-5.4899907,201,64.441742
-5.4899907,201,64.487337
-0.11998272,223,64.507378
-1.1999846,235,64.570997
0.2500143,253,64.590034
-1.7499857,207,64.605572
-1.719985,207,64.753107
-1.7299852,207,64.856395
-1.1199837,235,64.902988
-4.93999,201,64.926536
-1.2099848,235,64.960629
-1.719985,207,64.970653
-5.4899907,201,64.996223
-1.7399855,207,65.129703
-4.93999,201,65.140511
-4.92999,201,65.187597
-5.4899907,201,65.20813
-0.64998436,235,65.22367
-5.4899907,201,65.275375
0.8100157,303,65.286144
-4.93999,201,65.301483
-1.1699848,207,65.336593
-1.7499857,207,65.492161
-5.4899907,201,65.626149
-5.4899907,201,65.652791
-5.4899907,201,65.68638
-0.13998318,235,65.71154
-4.90999,201,65.718543
-0.64998436,235,65.822015
-1.7299852,207,65.929744
-1.1099834,207,65.950782
-0.12998295,209,65.973832
-0.09998226,235,65.988364
-1.1499834,235,65.998399
-1.7499857,207,66.046115
-0.12998295,235,66.138474
-0.049981117,235,66.166439
-1.1199837,235,66.201012
-0.03998089,209,66.26527
-4.93999,201,66.359343
-1.7499857,207,66.402941
-1.7399855,207,66.441026
-1.7099848,207,66.472095
-1.1699848,207,66.571714
0.26001453,255,66.638352
-1.7399855,207,66.680087
-0.009980202,207,66.721788
-0.5999832,235,66.792636
0.120022774,235,66.812181
-1.179985,235,66.831718
-0.049981117,235,66.876231
-1.629983,215,66.916329
-0.64998436,209,66.935369
-0.079981804,235,66.976304
-5.4899907,201,66.988324
-1.1699839,207,67.107254
-1.6399832,215,67.173903
-0.12998295,235,67.259378
-0.13998318,235,67.285524
-1.6999846,207,67.29203
-5.4899907,201,67.335599
-5.4899907,201,67.369644
-1.7399855,207,67.421755
-4.90999,201,67.463837
-1.6799841,207,67.565504
-0.64998436,235,67.573515
-1.7499857,207,67.587714
-1.1599846,235,67.594222
-4.9299903,201,67.611741
-4.3899894,201,67.625261
-0.10998249,243,67.666347
-1.7499857,207,67.749963
-1.7299852,207,67.811084
-1.7399855,207,67.894133
-1.7499857,207,67.919183
-5.4699907,201,67.946744
-5.4899907,201,67.983802
-0.13998318,235,68.011858
-1.6599836,207,68.063955
-5.4899907,201,68.098598
-5.4899907,201,68.236595
-5.4899907,201,68.243732
-4.93999,201,68.262268
-1.7099848,207,68.293823
-1.7499857,207,68.341943
-1.1899853,235,68.357471
0.24001408,255,68.424113
-1.7399855,207,68.444161
-1.719985,207,68.509314
-4.3899894,201,68.583958
-5.4899907,201,68.611021
-1.719985,207,68.657614
-1.1699848,207,68.706506
-1.7499857,207,68.735562
-5.4899907,201,68.805744
-1.7499857,207,68.885428
-5.4899907,201,69.032105
-5.4899907,201,69.04563
-1.7399855,207,69.056486
-4.91999,201,69.09208
-5.4899907,201,69.146731
-1.7499857,207,69.190831
-4.90999,201,69.236511
-1.7499857,207,69.280185
-1.7499857,207,69.357531
-1.7499857,207,69.432186
-4.93999,201,69.444206
-5.4899907,201,69.544634
-1.7399855,207,69.587709
-0.13998318,235,69.618759
-1.1699848,207,69.631291
-1.1599846,235,69.758727
-5.4899907,201,69.786489
-1.7499857,207,69.793533
-1.7399855,207,69.81106
-1.7499857,207,69.844116
-5.4899907,201,69.972878
-1.1799841,235,69.972878
0.14002323,235,70.007816
-0.64998436,235,70.049911
-1.7499857,207,70.066446
-1.6499834,215,70.169667
-1.7499857,207,70.233338
-0.049981117,235,70.245866
-1.7499857,207,70.283359
-5.4899907,201,70.294386
-1.7299852,207,70.324144
-5.4899907,201,70.462353
-4.92999,201,70.482383
-1.7299852,207,70.492402
-0.13998318,235,70.555654
-1.1899843,235,70.629791
-1.7299852,207,70.67338
-1.7499857,207,70.67338
-4.90999,201,70.691413
-1.7399855,207,70.751113
-0.12998295,235,70.841972
-1.7399855,207,70.856493
-5.4899907,201,70.904326
-4.93999,201,70.939394
-1.6699839,215,70.946908
-4.91999,201,70.978452
0.24001408,255,71.142065
-1.1899853,235,71.258841
-0.10998249,235,71.277887
-1.1999846,235,71.287912
-0.059981346,209,71.3379
-0.059981346,235,71.356447
-0.09998226,235,71.469675
-0.079981804,235,71.469675
-1.1499834,235,71.48887
-4.92999,201,71.556539
-0.079981804,235,71.556539
-1.1699848,235,71.657894
0.020020485,207,71.669419
-0.63998413,235,71.730031
-0.069981575,235,71.802151
-1.1699848,207,71.866858
-1.179985,181,71.914464
-1.7399855,181,71.964396
-4.3899894,201,71.975922
-1.6199827,215,72.009979
-0.12998295,235,72.147965
-1.6999846,181,72.165495
-5.4899907,201,72.173009
-1.1699839,207,72.186532
-0.9899807,359,72.197554
-0.10998249,235,72.278234
-1.1899853,235,72.351881
-1.7399855,207,72.41984
-1.1599846,235,72.453333
-1.179985,235,72.462351
-5.4899907,201,72.482898
-5.4899907,201,72.581064
-5.4899907,201,72.627658
-0.09998226,235,72.6467
-1.6499834,215,72.684271
0.05002117,207,72.691284
-5.4899907,201,72.844087
-1.7499857,207,72.889739
-0.03998089,209,72.927858
-1.1699848,207,72.927858
-0.03998089,209,73.134301
-1.1899843,235,73.148834
-5.4899907,201,73.227006
-1.7399855,207,73.262071
0.2000246,235,73.327917
-4.3899894,201,73.376626
-1.5299807,235,73.386667
-4.93999,201,73.433267
-1.0099812,359,73.485897
-0.08998203,235,73.566029
-0.079981804,235,73.607603
-0.069981575,235,73.615615
-1.089982,235,73.768701
-0.53998184,235,73.787728
-0.64998436,235,73.787728
0.16002369,217,73.897067
0.020020485,207,73.931128
-3.8699884,201,73.942153
-0.13998318,235,73.956695
-1.0199814,235,74.101056
2.002716e-05,235,74.160182
-0.2799759,361,74.173175
0.24002552,243,74.194281
0.110022545,235,74.219745
-0.069981575,235,74.266679
-4.3899894,201,74.276695
-0.12998295,235,74.354365
-1.1799841,235,74.401504
0.16002369,217,74.514338
0.17002392,235,74.592611
-0.09998226,235,74.593611
0.15002346,217,74.703592
0.030020714,235,74.731152
-1.0999823,235,74.767715
-0.10998249,235,74.786767
-5.4899907,201,74.832366
-1.7499857,207,74.901602
0.07002163,207,74.92364
-1.1899843,235,74.995798
-1.7399855,207,75.001842
-0.63998413,235,75.036895
-5.4899907,201,75.05593
-1.0399818,235,75.091354
-1.7399855,207,75.124414
-4.90999,201,75.300299
-1.7399855,207,75.326878
-1.1999846,235,75.34993
-1.7499857,207,75.446035
-4.3899894,201,75.446035
-4.9299903,201,75.519736
-1.7499857,207,75.527754
-1.1699848,235,75.776814
0.010020256,207,75.776814
-0.6299839,235,75.864555
-1.7499857,207,75.871569
-0.60998344,235,75.981347
-5.4899907,201,75.989863
-0.12998295,235,76.03046
-1.1899853,235,76.050587
-1.1899853,235,76.091722
-1.1699848,207,76.199054
-4.3899894,201,76.319056
-4.91999,201,76.319056
-0.079981804,235,76.341674
-0.069981575,235,76.368238
-5.4899907,201,76.402076
-1.5499811,235,76.536901
-1.7499857,207,76.612579
-0.5199814,207,76.704834
-1.7499857,207,76.712345
-0.12998295,235,76.737174
-1.7499857,207,76.86451
-1.7099848,207,76.919132
-0.069981575,235,76.932503
-1.2099848,235,76.940518
-0.64998436,235,76.992637
-0.10998249,235,77.126924
-1.7499857,207,77.136941
-1.719985,207,77.136941
-0.11998272,235,77.259739
-1.1899853,235,77.281287
-0.63998413,235,77.316881
-1.1699848,207,77.339923
-1.719985,207,77.411351
-4.3899894,201,77.500105
-4.9299903,201,77.52265
-1.6699839,215,77.553174
-0.4899807,207,77.679003
-4.91999,201,77.714582
-1.6999846,207,77.742376
-1.7499857,207,77.7499
-1.0799828,235,77.903177
-1.6799841,207,77.948132
-1.7499857,207,77.961347
-3.8699884,201,78.128168
-1.5699816,215,78.166289
-0.11998272,235,78.272114
-1.1299839,235,78.292884
-1.1099825,207,78.32898
-4.90999,201,78.355939
-1.1799841,235,78.374479
-1.1499844,235,78.452167
-1.1099825,207,78.588856
-0.2799759,361,78.611421
-0.6199837,235,78.637982
-0.11998272,235,78.680687
-0.5999832,235,78.716175
-5.4899907,201,78.754946
-1.7499857,207,78.836979
-1.6699839,215,78.86003
-5.4899907,201,78.920648
-5.4899907,201,78.95321
-1.7499857,207,79.076978
-4.3899894,201,79.110054
-4.93999,201,79.123575
-1.7499857,207,79.222239
0.26001453,257,79.237263
-5.4899907,201,79.322471
-4.91999,201,79.342507
-3.8699884,201,79.372576
11.210024,297,79.410642
-0.08998203,235,79.42066
-1.6699839,215,79.472445
-1.1899853,235,79.507024
-1.7499857,207,79.518038
-1.7499857,207,79.538077
-1.1799841,235,79.669829
-1.179985,235,79.699379
-4.92999,201,79.755887
-1.1599836,235,79.829123
-4.93999,201,79.914835
-1.2099848,235,79.942906
-1.7499857,207,79.96246
-5.4899907,201,80.023215
-5.4899907,201,80.042748
-1.7499857,207,80.088332
-4.3899894,201,80.1116
-1.7499857,207,80.136072
-4.93999,201,80.172644
-1.7499857,207,80.226258
-1.7399855,207,80.24629
-0.6199837,235,80.3074
-5.4899907,201,80.363574
-4.9299903,201,80.395369
-5.4899907,201,80.451035
-1.7499857,207,80.539132
-4.9299903,201,80.564685
-0.5299816,207,80.591738
-1.2099848,235,80.651095
-4.92999,201,80.658099
-1.7399855,207,80.737164
-0.11998272,235,80.737164
-4.90999,201,80.777216
-1.1199837,235,80.804035
-1.1899843,235,80.848113
0.16002369,217,80.902239
-1.1999846,235,80.93829
-1.6399832,215,80.959332
-0.10998249,235,81.070614
-1.719985,207,81.070614
-1.1999846,235,81.099293
-5.4899907,201,81.141919
-4.9299903,201,81.242634
-1.7499857,207,81.26593
-0.79997635,243,81.28899
-0.12998295,235,81.296196
-5.4899907,201,81.334793
-4.3899894,201,81.394409
-0.12998295,235,81.432556
-0.13998318,235,81.471692
-1.7499857,207,81.506256
-0.13998318,235,81.535307
-1.7299852,207,81.543817
-0.12998295,235,81.639179
-1.6899843,207,81.673742
-0.03998089,209,81.682755
-1.7499857,207,81.749237
-0.64998436,235,81.785372
-4.93999,201,81.83719
-0.11998272,209,81.887326
-4.93999,201,81.887326
-1.1699848,207,81.905361
-0.03998089,209,82.016192
-0.079981804,235,82.033954
-0.009980202,207,82.089048
-0.069981575,235,82.132612
-4.93999,201,82.139127
-1.089982,235,82.210272
-0.059981346,235,82.247345
-4.93999,201,82.257364
-1.2099848,235,82.38325
-0.5999832,235,82.391762
-5.4899907,201,82.399282
-0.11998272,235,82.46191
-4.93999,201,82.496322
-1.7299852,207,82.5309
-1.1999846,235,82.557034
-0.08998203,235,82.60213
-5.4899907,201,82.628172
-0.11998272,235,82.740561
-1.1699839,207,82.761599
-0.13998318,235,82.802047
-0.11998272,235,82.850127
-3.8699884,201,82.864646
-1.7099848,207,82.883183
-0.09998226,235,82.931891
-4.91999,201,83.006053
-5.4899907,201,83.021577
-1.1499834,235,83.114733
-0.079981804,235,83.19492
-0.079981804,235,83.241746
-1.589982,207,83.264789
-1.179985,235,83.283139
-1.7499857,207,83.30018
-0.08998203,235,83.316216
-5.4899907,201,83.449206
-1.6499834,215,83.457321
-4.3899894,201,83.509462
-0.12998295,235,83.596343
-0.11998272,235,83.622481
-0.11998272,235,83.669338
-1.1599836,235,83.738404
-4.93999,201,83.747419
-0.8599777,359,83.853123
-1.6899843,215,83.896186
-1.7399855,207,83.903224
-1.1899853,235,83.913738
-0.5599823,235,83.946295
0.8100147,303,83.954309
0.110022545,235,83.982855
-1.1599846,235,84.010364
-4.3899894,201,84.049925
-0.11998272,235,84.141672
-1.1899853,235,84.194767
-0.10998249,235,84.283367
-0.6199837,235,84.31043
-0.079981804,235,84.356416
-0.08998203,235,84.426136
-0.12998295,235,84.434718
0.09002209,209,84.517416
-0.09998226,235,84.547469
-1.589982,207,84.582805
0.030020714,235,84.604861
-0.9799795,207,84.613883
0.120022774,235,84.641925
-0.10998249,235,84.651441
-0.10998249,235,84.736218
-1.1699839,207,84.809216
-1.0099812,359,84.960866
2.002716e-05,235,84.984412
-1.0299816,217,85.003977
-1.1999846,235,85.016
-1.7499857,207,85.06092
-0.13998318,235,85.142879
-0.9799795,207,85.151395
-0.79997635,359,85.220796
0.030020714,235,85.263878
0.010020256,207,85.271894
-0.049981117,235,85.304982
-0.069981575,235,85.326515
-0.09998226,235,85.335531
0.110022545,235,85.367608
-1.0399818,235,85.454382
-0.08998203,235,85.523797
0.19002438,217,85.616328
0.15002346,217,85.656456
-0.02998066,235,85.692046
-0.079981804,235,85.718682
-4.91999,201,85.748331
-1.1999846,235,85.768999
-1.6799841,207,85.840234
0.010020256,207,85.938649
-0.03998089,209,85.938649
-5.4899907,201,85.960193
-0.13998318,235,85.974217
-0.09998226,235,85.980722
0.0600214,235,86.011795
-0.11998272,235,86.142828
-0.9899807,359,86.210995
-0.069981575,235,86.221535
-0.45998,207,86.278722
-0.60998344,235,86.320339
-0.9499788,207,86.337486
-1.7099848,207,86.366031
-1.7499857,207,86.384578
-0.09998226,235,86.404134
-0.069981575,235,86.537748
0.020020485,207,86.58106
-0.13998318,235,86.632508
-1.1299839,235,86.632508
-0.12998295,235,86.650036
-1.1599846,235,86.663054
-0.08998203,235,86.697615
-1.6799841,207,86.76478
-1.5099802,207,86.834516
-0.5199814,207,86.890398
-1.1599846,235,86.908728
-4.93999,201,86.921257
-1.7099848,207,86.996771
-0.11998272,235,87.035547
-0.12998295,235,87.064108
-0.09998226,235,87.09968
-1.6199827,215,87.178325
-5.4899907,201,87.186337
-5.4899907,201,87.242957
-4.91999,201,87.242957
-1.7399855,207,87.279531
-1.7499857,207,87.323112
-1.1499844,235,87.368182
-5.4899907,201,87.437329
-1.2099848,235,87.466374
-5.4899907,201,87.498427
-5.4899907,201,87.517461
-5.4899907,201,87.599105
-1.1599836,235,87.623183
-0.64998436,235,87.732424
-1.1599846,235,87.761968
-5.4899907,201,87.778784
-0.589983,235,87.800337
-1.7499857,207,87.856746
-0.13998318,235,87.886811
-0.6299839,235,87.94653
-5.4899907,201,87.971084
-0.049981117,235,87.984611
-0.10998249,235,88.027698
-4.91999,201,88.175113
-0.009980202,207,88.211217
-1.1999846,235,88.224243
-0.049981117,235,88.25334
-4.3899894,201,88.323874
-0.12998295,235,88.407634
-0.08998203,209,88.514372
0.09002209,235,88.536405
-0.02998066,235,88.562559
0.21002483,235,88.580579
-0.049981117,235,88.649246
-0.10998249,235,88.675287
-0.009980202,207,88.675287
-0.60998344,235,88.733416
-1.3799772,217,88.7574
0.040020943,207,88.910791
-1.5699816,207,88.938848
-0.10998249,235,88.954884
-1.0199814,235,88.991949
-0.079981804,235,89.079813
-0.009980202,217,89.101864
-0.9299784,359,89.19052
0.09002209,209,89.196527
-0.03998089,209,89.244137
-1.1999846,235,89.29401
-0.069981575,235,89.337604
-1.1899843,235,89.405252
-0.12998295,235,89.432794
-0.09998226,235,89.432794
0.0600214,207,89.432794
-0.11998272,235,89.489427
-4.3899894,201,89.543266
0.100022316,217,89.578855
-0.11998272,209,89.603409
-1.1999846,235,89.61143
-0.03998089,209,89.693069
-1.6999846,207,89.716141
-4.9299903,201,89.789838
-0.069981575,235,89.884735
-0.97998047,207,89.905287
-0.08998203,235,89.938844
-1.6199827,215,89.972901
-0.11998272,235,90.096654
-0.11998272,209,90.105218
-0.12998295,235,90.130764
-0.10998249,235,90.13127
-1.1999846,235,90.13127
0.05002117,207,90.163343
-1.7499857,207,90.230994
-1.3799772,235,90.2933
-0.059981346,235,90.321387
-0.009980202,207,90.350442
-1.1199837,235,90.410654
-0.08998203,235,90.50187
0.19002438,217,90.559487
-1.7299852,207,90.566499
-0.08998203,235,90.606616
-1.089982,235,90.677767
-5.4899907,201,90.716959
-0.03998089,209,90.737492
-1.1699848,207,90.757529
-0.9999809,217,90.787581
-0.64998436,235,90.839698
-1.1499844,235,90.872279
-1.7499857,207,90.925421
-0.08998203,235,90.932935
-1.0699825,235,90.98678
-0.049981117,235,91.041422
-0.12998295,235,91.100445
-1.7499857,207,91.117001
-1.6999846,207,91.179877
-5.4899907,201,91.199106
-0.10998249,235,91.256799
-5.4899907,201,91.3094
-4.3899894,201,91.328929
-0.08998203,235,91.371515
-4.3899894,201,91.377519
-1.1899853,235,91.452855
-0.09998226,235,91.529732
-0.09998226,235,91.559882
-1.7299852,207,91.594321
-0.079981804,235,91.61939
-1.1999846,235,91.625902
-1.7499857,207,91.650454
-0.03998089,209,91.716363
-0.13998318,235,91.803548
-1.1899843,235,91.866649
-0.10998249,235,91.885691
-1.1399841,207,91.92196
-0.12998295,235,91.951516
-1.7499857,207,91.991079
-1.6499834,215,92.011673
-1.0599823,235,92.0297
-1.1699839,207,92.065769
-1.5799818,215,92.196805
-0.12998295,235,92.229886
-1.0599823,235,92.293523
-0.12998295,235,92.320586
-1.1899853,235,92.326593
-0.009980202,207,92.343471
-0.64998436,235,92.355999
-1.6699839,215,92.452744
-1.1699848,207,92.510855
0.010020256,207,92.571463
-0.13998318,235,92.581481
-4.93999,201,92.602616
-0.10998249,235,92.636682
-1.1699848,207,92.656729
-0.12998295,235,92.722872
-1.1799841,235,92.771418
-0.11998272,209,92.828037
-1.7499857,207,92.854718
-0.12998295,235,92.996728
-0.049981117,235,93.023583
-0.12998295,235,93.03059
-0.12998295,235,93.045116
-0.069981575,235,93.059658
-1.6099825,215,93.159927
-1.1299839,235,93.165941
-4.91999,201,93.192051
-1.1399841,207,93.264198
-1.49998,235,93.295256
-1.1699848,235,93.316326
-0.03998089,209,93.363467
-0.10998249,235,93.37348
-1.1999846,235,93.507072
-1.7499857,207,93.507072
-1.1499834,235,93.562193
0.040020943,207,93.644368
0.010020256,207,93.673463
-1.2099848,235,93.749413
-0.10998249,235,93.765947
-1.1599836,235,93.778968
-4.9299903,201,93.778968
-0.12998295,235,93.877741
-1.1899843,235,93.900901
0.15002346,217,93.945279
-0.589983,235,93.972336
0.010020256,207,93.992377
-0.11998272,235,94.02696
-1.0399818,235,94.072159
-1.7499857,207,94.114766
0.010020256,207,94.173098
-0.64998436,235,94.19563
0.040020943,207,94.261339
-3.8699884,201,94.353729
0.09002209,235,94.37878
-4.92999,201,94.390795
2.002716e-05,235,94.484159
-0.079981804,235,94.500685
-4.3899894,201,94.511282
-1.0699825,235,94.680693
-0.09998226,235,94.771459
-1.6699839,215,94.79702
-0.059981346,235,94.821081
-0.12998295,235,94.853662
-1.5999823,215,94.941396
-0.12998295,235,94.967974
-0.09998226,235,95.155991
-1.7099848,207,95.175534
-1.1899853,235,95.210643
-0.9999809,217,95.378051
-0.02998066,235,95.416235
-0.53998184,235,95.446795
-5.4899907,201,95.465858
-0.08998203,235,95.57683
-0.13998318,235,95.594362
-0.08998203,235,95.745558
-0.12998295,235,95.810714
-0.049981117,235,95.832767
2.002716e-05,235,95.851821
0.24002552,235,95.877179
-0.11998272,235,95.951878
-0.069981575,235,95.975425
-0.13998318,235,96.15339
-0.11998272,235,96.164415
-0.069981575,235,96.202512
0.05002117,207,96.258141
-0.03998089,209,96.299233
-0.64998436,209,96.323797
-1.6899843,207,96.331303
-0.03998089,209,96.444426
0.17002392,235,96.515764
-1.5999823,215,96.60446
0.05002117,207,96.655072
-1.6199827,215,96.674608
-1.2099848,235,96.763785
0.0600214,235,96.786916
-0.049981117,235,96.855563
0.100022316,217,96.949264
-0.11998272,235,97.01893
-0.09998226,235,97.05
-1.6599836,215,97.103602
-0.08998203,235,97.112627
-0.09998226,235,97.155712
-1.179985,235,97.183818
-1.4899797,235,97.29791
-1.0099812,359,97.34149
-1.1199837,235,97.377865
-0.049981117,235,97.46
-0.049981117,235,97.507266
0.24002552,235,97.524802
-1.6699839,215,97.557173
-0.5699825,235,97.645541
-0.64998436,235,97.705667
-1.629983,215,97.76929
-0.02998066,235,97.787332
-0.6199837,235,97.855552
-0.11998272,235,97.907122
-0.13998318,235,97.913633
-0.079981804,235,97.950193
-0.049981117,235,97.975738
-1.6399832,215,98.023829
-1.7499857,207,98.039154
-1.7299852,181,98.141411
-0.09998226,235,98.158956
-5.4899907,201,98.175486
-1.2099848,235,98.247125
-3.8699884,201,98.301218
-1.1599846,235,98.301218
-4.90999,201,98.368903
-5.4899907,201,98.455301
-1.7399855,207,98.46435
-5.4899907,201,98.532461
-1.7499857,207,98.597214
-4.93999,201,98.636308
-0.09998226,235,98.681905
-1.7299852,207,98.716968
-1.179985,235,98.725483
-1.1899853,235,98.799201
-5.4899907,201,98.815725
-1.719985,207,98.847149
-4.9299903,201,98.908298
-5.4899907,201,98.960911
-5.4899907,201,98.960911
0.26001453,257,99.02105
-4.9299903,201,99.032578
-5.4899907,201,99.110944
-5.4899907,201,99.121473
-3.8699884,201,99.193836
-4.3899894,201,99.261504
-5.4899907,201,99.339959
-1.7499857,207,99.397142
-1.7399855,207,99.404653
-0.10998249,235,99.41117
-0.09998226,235,99.566233
-0.12998295,235,99.583421
-1.7099848,207,99.591932
-0.13998318,235,99.624397
-4.93999,201,99.63391
-1.6799841,207,99.708004
-1.1699839,207,99.720018
-1.1899843,235,99.74929
-1.1699839,207,99.801915
-0.64998436,209,99.818446
-0.13998318,235,99.95921
-1.1099834,207,100.020211
-1.129983,235,100.025728
-0.13998318,235,100.152956
-1.1999846,235,100.159464
-1.6499834,181,100.166977
-1.089982,235,100.166977
-5.4899907,201,100.220081
-5.4899907,201,100.267174
-4.3899894,201,100.28272
-1.6899843,215,100.35393
-1.7399855,207,100.448145
-1.1699848,207,100.455656
-1.7399855,207,100.483711
-4.90999,201,100.525774
-1.1899853,235,100.611949
-4.93999,201,100.722631
-1.1499834,235,100.765704
-1.2099848,235,100.82732
-4.93999,201,100.859387
-5.4899907,201,100.868403
-1.6999846,207,100.885927
-0.09998226,209,100.90196
-3.8699884,201,100.931515
-1.7299852,207,101.02851
-1.7299852,207,101.038021
-1.7499857,207,101.051549
-5.4899907,201,101.11816
-1.719985,207,101.145717
-4.9299903,201,101.159259
-4.92999,201,101.293876
0.2500143,255,101.36403
-1.7399855,207,101.42564
-1.6799841,207,101.472733
-1.7499857,207,101.538846
-1.7099848,207,101.570182
-5.4899907,201,101.585707
-1.7299852,207,101.601742
-5.4899907,201,101.620283
-1.1499844,235,101.674902
-5.4899907,201,101.701952
-1.6999846,207,101.708466
-1.7499857,207,101.784591
-0.11998272,235,101.801629
-1.7299852,207,101.820162
-1.6899843,207,101.82919
-4.92999,201,101.945428
-4.89999,201,102.015791
-1.7399855,207,102.095601
-5.4899907,201,102.121652
-1.7499857,207,102.202303
-4.93999,201,102.229275
-1.7499857,207,102.244152
-1.7399855,207,102.291267
-0.13998318,235,102.40563
-1.1099834,207,102.423733
-1.7399855,181,102.423733
-0.09998226,235,102.500434
-1.6199827,215,102.567574
-1.1999846,235,102.608144
0.87001705,267,102.614654
-5.4899907,201,102.64224
-1.7499857,181,102.657258
0.2500143,255,102.68957
-1.1599846,181,102.761716
-1.1599836,235,102.907135
-5.4899907,201,102.913225
-1.6999855,207,102.955899
-1.7399855,207,102.965914
-5.4899907,201,102.985961
-5.4899907,201,103.060413
-1.7499857,207,103.07945
-1.7499857,207,103.137379
-1.2099848,235,103.154982
-4.93999,201,103.192055
-4.91999,201,103.238415
-5.4899907,201,103.26746
-5.4899907,201,103.284
-5.4899907,201,103.315059
-1.1899853,235,103.346621
-0.64998436,209,103.412747
-5.4899907,201,103.544576
-5.4899907,201,103.551582
-5.4899907,201,103.595949
-5.4899907,201,103.605965
-5.4899907,201,103.705986
-1.1999846,235,103.733043
-1.7499857,207,103.808505
-1.7499857,207,103.826033
-0.63998413,235,103.839558
-5.4899907,201,103.857612
-0.08998203,209,103.919236
-5.4899907,201,103.961805
-4.90999,201,103.991352
-0.079981804,235,104.021852
-1.2099848,235,104.037382
-0.13998318,235,104.14296
-1.1699839,207,104.172636
-5.4899907,201,104.199671
-4.91999,201,104.211194
-1.1999846,235,104.258295
-5.4899907,201,104.295856
-5.4899907,201,104.321408
-5.4899907,201,104.382051
-4.93999,201,104.407609
-1.7499857,207,104.42315
-1.7499857,207,104.4457
-5.4899907,201,104.489287
-5.4899907,201,104.530505
-1.7499857,207,104.601326
-1.1899853,235,104.647408
-1.7299852,181,104.68497
-1.1899853,235,104.694984
-4.93999,201,104.763122
0.27001476,255,104.854792
-1.1999846,235,104.862808
-0.11998272,235,104.907695
-5.4899907,201,104.944265
-1.1899853,235,104.954779
-0.12998295,235,104.97939
-5.4899907,201,105.002759
-0.09998226,235,105.07489
0.26001453,257,105.143539
-0.049981117,235,105.152047
-1.7399855,207,105.18852
-1.1999846,235,105.19854
-1.6799841,207,105.244626
-0.059981346,209,105.288702
-0.09998226,235,105.353816
-0.02998066,235,105.425864
-0.10998249,235,105.516032
-0.08998203,235,105.526053
-1.6899843,207,105.538577
-0.069981575,235,105.576754
-1.6599836,215,105.588269
-0.12998295,235,105.617696
-1.0499811,235,105.665768
0.08002186,207,105.727379
0.24002552,243,105.755039
0.010020256,207,105.774075
-0.049981117,235,105.805133
-0.069981575,235,105.851211
-0.869977,235,105.902796
-0.589983,235,105.945378
-0.009980202,207,106.013089
0.020020485,207,106.105844
-1.6999846,207,106.120369
-1.1499844,235,106.181637
-1.129983,235,106.236256
-1.1599846,235,106.24779
-1.6599836,207,106.24779
-1.1599846,235,106.277339
-4.93999,201,106.298371
-1.0099812,359,106.358546
-1.179985,235,106.415177
-1.1999846,235,106.432202
-1.2099848,235,106.465309
-0.03998089,209,106.485843
-0.5699825,235,106.511895
-1.7499857,207,106.530423
-5.4899907,201,106.584187
-5.4899907,201,106.677543
-1.7499857,207,106.706097
-1.1699848,207,106.769443
-4.3899894,201,106.841564
-0.12998295,235,106.912796
-1.1599836,235,106.928828
-0.64998436,235,106.928828
-0.13998318,235,106.987825
-5.4899907,201,107.030429
-5.4899907,201,107.056159
-1.1899843,235,107.084226
-4.93999,201,107.12783
-1.7499857,207,107.20946
-0.09998226,235,107.237512
-4.93999,201,107.264074
-0.08998203,235,107.376186
-1.7399855,207,107.539645
-5.4899907,201,107.556184
-0.08998203,235,107.741627
-4.93999,201,107.788531
-4.93999,201,107.788531
-1.1599846,235,107.819888
-4.91999,201,107.843934
-1.7099848,207,107.909566
-1.7299852,207,107.93593
-4.92999,201,107.954962
-1.1899843,235,107.986015
-4.92999,201,108.035102
-1.6699839,215,108.059644
-1.7499857,207,108.078676
11.200024,297,108.096054
-4.90999,201,108.187455
-1.1899843,235,108.193967
-1.7499857,207,108.224014
-1.7399855,207,108.377813
-1.719985,207,108.424387
-5.4899907,201,108.439917
-1.7399855,207,108.536393
-5.4899907,201,108.544405
0.26001453,255,108.575957
-1.7499857,207,108.617552
0.29001522,269,108.678679
-5.4899907,201,108.695205
-1.7099857,207,108.702216
-5.4899907,201,108.71774
-5.4899907,201,108.813413
0.24001408,255,108.832941
-1.7399855,207,108.832941
0.26001453,267,109.028794
0.33001614,355,109.045334
-5.4899907,201,109.057859
-5.4899907,201,109.076406
-5.4899907,201,109.197499
-4.93999,201,109.204014
-1.7499857,207,109.25754
10.710024,273,109.272073
-1.6999855,207,109.306056
-5.4899907,201,109.35065
-5.4899907,201,109.369679
-5.4899907,201,109.385204
-1.1699848,235,109.478956
-5.4899907,201,109.503987
-1.719985,207,109.527774
0.26001453,267,109.692188
-5.4899907,201,109.734277
-4.9299903,201,109.748806
-1.7499857,207,109.785278
-1.7399855,207,109.8945
-1.7499857,207,109.905022
0.24001408,255,109.918557
-4.93999,201,109.940593
-5.4899907,201,109.983878
-4.93999,201,110.037999
-1.7499857,207,110.048827
-1.179985,235,110.069867
-1.7499857,207,110.082396
-5.4899907,201,110.162087
-5.4899907,201,110.190659
-5.4899907,201,110.410763
-1.1899843,235,110.470906
-1.2099848,235,110.509975
0.80001545,303,110.517985
-4.9299903,201,110.558557
-1.179985,181,110.568574
-1.7399855,207,110.589612
-1.7399855,207,110.605141
-5.4899907,201,110.605141
0.2500143,253,110.630688
-5.4899907,201,110.696353
-1.719985,207,110.719891
-4.92999,201,110.734318
-5.4899907,201,110.806192
-1.1999846,235,110.837755
-1.2099848,235,110.949513
-1.7499857,207,111.08863
-5.4899907,201,111.130701
-1.7499857,207,111.219975
-1.7499857,207,111.229992
-5.4899907,201,111.242526
-5.4899907,201,111.242526
-1.719985,207,111.290622
-1.7499857,207,111.358979
-1.7499857,207,111.382522
0.29001522,269,111.395548
-1.7499857,207,111.401562
0.26001453,267,111.453655
-5.4899907,201,111.453655
-5.4899907,201,111.483928
0.80001545,303,111.51448
-4.93999,201,111.592099
-5.4899907,201,111.930965
-5.4899907,201,111.949175
0.2500143,253,111.97322
-1.6599855,215,111.998892
-4.9299903,201,112.010917
-5.4899907,201,112.076551
-1.6899853,207,112.12867
-5.4899907,201,112.170746
0.24001408,267,112.181769
-1.7499857,207,112.196503
-5.4899907,201,112.205522
-1.1899843,235,112.236375
-5.4899907,201,112.321866
0.24001408,267,112.343416
0.31001568,357,112.381999
0.26001453,255,112.428096
-1.7399855,207,112.638062
-5.4899907,201,112.646581
-5.4899907,201,112.676639
-4.5799813,201,112.686145
-5.4899907,201,112.842575
-1.719985,207,112.857103
-5.4899907,201,112.866616
0.26001453,255,112.924331
0.29001522,269,113.016544
-1.7299852,207,113.081995
0.2500143,253,113.150593
0.26001453,255,113.200719
-1.7499857,181,113.269901
-1.7499857,207,113.320947
-5.4899907,201,113.334441
0.3500147,421,113.358993
12.370028,361,113.420022
0.33001423,355,113.486432
-5.4899907,201,113.51423
-5.4899907,201,113.526252
0.320014,421,113.58786
-5.4899907,201,113.597878
-5.4899907,201,113.689047
-5.4899907,201,113.757812
10.690023,273,113.772342
0.31001472,357,113.819934
-5.4899907,201,113.835458
-4.409989,201,113.879927
-5.4899907,201,113.992678
-1.7499857,207,114.039765
-1.6599855,215,114.047774
-1.6999846,207,114.099894
0.26001453,255,114.12016
-5.4899907,201,114.154722
-5.4899907,201,114.196319
-5.4899907,201,114.361717
0.26002598,235,114.37023
-5.4899907,201,114.436378
0.36001587,269,114.496507
-5.4899907,201,114.496507
-1.7499857,207,114.572274
0.29001522,269,114.660946
-5.4899907,201,114.706536
-5.4899907,201,114.714549
-5.4899907,201,114.805396
10.730024,275,114.886658
0.34001446,421,114.893671
0.280015,257,114.940249
0.28001404,257,114.957794
0.33001423,355,114.990255
0.26001453,255,115.0188
-1.719985,207,115.033323
-4.649983,201,115.123495
-5.4899907,201,115.193617
0.27001476,255,115.234213
-1.5299816,217,115.38633
-5.4899907,201,115.492653
0.4400177,305,115.50669
0.36001492,345,115.533773
10.720024,273,115.598965
-5.4899907,201,115.663577
-5.4899907,201,115.68011
0.26001453,255,115.78637
0.28001404,255,115.791881
-5.4899907,201,115.875764
0.2500143,255,115.91186
0.26001453,255,115.952671
10.760025,373,116.004365
-5.4899907,201,116.142098
-1.719985,181,116.153833
0.27001476,255,116.165356
0.3900175,345,116.225489
-4.9299903,201,116.274386
-5.4899907,201,116.326492
0.280015,257,116.383117
0.37001514,357,116.439855
-5.4899907,201,116.452381
-1.6899853,207,116.477934
-5.4899907,201,116.55
0.29001427,269,116.565522
0.84001637,337,116.628217
-4.93999,201,116.641239
-5.4899907,201,116.773335
-4.93999,201,116.790359
-1.7499857,207,116.806384
1.1600237,309,116.84245
-5.4899907,201,116.850968
-5.4899907,205,116.904634
-5.4899907,201,116.94017
-4.6699834,201,116.989083
-5.4899907,201,117.04098
-5.4899907,201,117.048998
-5.4899907,201,117.06903
-5.4899907,201,117.129149
-5.4899907,201,117.144678
-4.90999,201,117.209328
32.40996,417,117.21584
-2.4999797,219,117.276547
-1.9399788,191,117.386723
-4.1699834,217,117.396736
-6.0300007,177,117.486877
0.31001568,263,117.576544
22.740004,303,117.642495
3.360028,215,117.661029
-5.4899907,199,117.758941
-3.8699815,207,117.783767
71.86011,327,117.94256
21.240047,419,117.950077
32.459965,383,117.960094
0.94001675,307,117.988139
31.599964,387,118.013689
13.150034,383,118.102435
0.36001492,309,118.119963
3.2800252,205,118.21913
11.590031,309,118.246677
10.900028,329,118.294778
0.5500202,305,118.338377
0.36001587,357,118.555531
0.34002757,213,118.574568
0.56002045,297,118.593599
0.3000145,263,118.68383
0.26001453,267,118.748453
1.9200182,401,118.772495
0.5200205,381,118.809063
14.210035,317,118.83361
1.670021,645,118.912134
0.41001797,271,118.960772
0.3400154,373,118.985815
0.40001392,267,119.025882
11.210047,303,119.076906
10.860027,361,119.318038
-1.7499857,207,119.326554
10.720024,273,119.354604
-5.479991,201,119.371131
33.73997,461,119.38265
-5.4899907,201,119.396672
13.440041,491,119.476806
-1.5499814,213,119.511225
2.3900175,341,119.51673
0.43001842,267,119.52274
-4.8499875,201,119.535771
10.880026,345,119.552799
-1.3199761,203,119.600384
12.650032,359,119.695413
-4.1699834,197,119.88582
-1.1699727,213,119.905859
0.2500143,351,119.944938
11.2800255,335,119.993014
0.27001476,265,120.092219
0.65001965,295,120.163493
10.690023,271,120.232102
10.770023,373,120.321254
10.720024,307,120.338375
0.62002087,341,120.386563
10.760025,373,120.392576
34.30997,347,120.436656
1.3000269,345,120.502771
1.0700188,367,120.51679
0.5500183,381,120.529311
12.020027,355,120.639383
0.37001514,301,120.712066
10.900026,289,120.776868
-5.4899907,203,120.798119
0.91001797,335,120.821162
0.5600195,359,120.921335
-4.219985,201,120.948111
12.92004,337,121.014707
0.24001408,267,121.06229
10.830023,361,121.1459
-3.6599834,199,121.182972
4.1000338,353,121.302676
1.6600227,297,121.321206
0.3900156,347,121.340238
2.2000246,303,121.358262
0.8400154,307,121.367276
0.54002094,341,121.383309
2.5900335,299,121.521526
10.720024,273,121.521526
0.85001564,297,121.616289
10.720024,273,121.655848
0.34001637,355,121.749307
2.7000198,305,121.871502
-5.4499907,201,121.896045
0.40001583,341,121.926107
2.1600227,303,121.958326
0.27001476,255,121.99138
0.36001682,267,122.037117
-2.50998,197,122.043133
-5.4899907,201,122.058156
0.3900175,267,122.069175
10.690023,273,122.11474
0.5900202,347,122.126762
32.75996,443,122.149309
0.33001518,355,122.315849
2.45003,295,122.406035
-5.4899907,201,122.422557
-4.099982,197,122.516742
3.6200225,189,122.551307
30.99995,335,122.563713
0.2500143,253,122.640623
-3.299981,223,122.709237
0.6200228,253,122.73127
31.179955,371,122.748305
2.4000292,323,122.800631
12.650034,335,122.80714
-4.529983,197,122.84671
2.1200225,189,122.931246
12.820038,331,122.931246
4.720025,199,122.946779
11.080032,321,122.975828
2.680021,195,123.04824
14.43004,381,123.085804
8.300026,207,123.113849
0.9800291,371,123.142891
2.0200202,181,123.209235
4.140033,241,123.215742
-4.5199866,217,123.236776
-2.2999785,215,123.332434
-4.269986,221,123.338442
-4.4899883,183,123.346956
-4.2299857,215,123.394872
5.0700293,237,123.449471
0.1600187,195,123.480519
-2.9299788,213,123.518574
-4.0099807,223,123.581272
3.3200252,209,123.654915
-2.969979,213,123.735126
4.220025,199,123.813151
4.0700216,403,124.143214
1.0100307,331,124.239451
1.7200212,281,124.293728
24.489975,393,124.360375
10.770025,333,124.398659
2.6600235,441,124.485914
0.24001408,259,124.546069
-1.859978,197,124.553681
10.730024,319,124.642874
12.200035,381,124.680453
11.190033,387,124.714021
11.020025,333,124.747093
32.40996,365,124.771641
0.8300276,489,124.926831
1.4600189,173,124.950379
10.940027,347,124.985946
-5.339993,145,124.99396
-4.069983,223,125.045074
1.3400342,355,125.076001
-6.01,143,125.102607
-5.3599925,143,125.212839
2.8200252,209,125.256952
1.0400207,181,125.358569
-1.6599855,181,125.530365
0.29001427,291,125.539387
1.4300165,303,125.636598
1.7200232,303,125.668645
10.880028,281,125.67866
-4.93999,201,125.705205
1.0900202,403,125.733246
1.620019,373,125.742759
0.32001495,269,125.825248
1.0200195,289,125.846286
-5.4899907,201,125.961389
0.28001404,255,125.984941
0.9600172,341,126.047082
0.29001427,269,126.074997
0.3700142,357,126.139627
-1.7499857,207,126.266851
-1.7399855,207,126.307467
-5.4899907,201,126.340516
0.5800209,423,126.359536
-5.4899907,201,126.482355
-1.1899843,235,126.513971
-5.439991,201,126.522992
10.830027,311,126.572392
0.8500166,303,126.780799
0.37001705,357,126.780799
-5.4899907,201,126.825401
-1.2099848,235,126.854965
11.590033,365,126.996387
10.710024,273,127.047016
0.24001408,267,127.129771
-5.4899907,201,127.138794
-5.4899907,201,127.189422
-1.7399855,207,127.260571
-5.4899907,201,127.394578
0.2500143,253,127.473329
-0.48997998,231,127.51445
-5.4899907,201,127.654412
-5.4899907,201,127.655416
2.8800287,275,127.72704
-5.4899907,201,127.804185
-1.6699858,181,127.83974
0.28001404,257,127.869833
0.29001427,265,127.879932
0.84001637,351,127.933026
-5.4899907,201,127.997152
0.4100151,281,128.089864
0.26001453,267,128.117412
0.33001518,519,128.135441
-5.4899907,201,128.173007
-5.4899907,201,128.284308
0.24001408,267,128.31888
-5.4899907,201,128.369989
11.410028,341,128.401533
-5.4899907,201,128.446108
-5.4899907,201,128.513224
-1.7299852,207,128.536259
31.099957,343,128.609897
13.010031,335,128.694356
10.720024,273,128.78438
10.720024,273,128.84349
12.720036,343,128.906085
-4.7099843,201,128.925644
0.2500143,253,128.955797
-4.5799813,201,128.977839
12.520029,303,129.068836
12.180035,323,129.117435
-5.4499907,209,129.149994
-3.849976,201,129.221676
10.700024,273,129.234213
12.650034,369,129.243225
10.760025,327,129.294348
-5.4899907,203,129.329927
0.38001633,345,129.509679
0.27001476,255,129.587526
10.810026,351,129.630612
12.670034,273,129.71983
0.26001453,255,129.74337
0.40001774,281,129.810024
10.690023,273,129.836567
-4.639983,201,129.88742
0.26001453,255,130.032887
0.34001637,267,130.077202
-5.4699907,201,130.146472
11.5000305,349,130.179586
0.33001423,401,130.244476
10.930023,347,130.25649
12.840038,339,130.361721
-3.2799754,201,130.368736
2.1500235,353,130.439883
0.32001495,425,130.465433
12.590033,283,130.518743
0.45001793,297,130.528764
0.30001545,267,130.55883
0.66001606,301,130.819971
0.36001492,349,130.914752
0.36001587,269,130.927274
11.210033,365,130.950819
0.5500183,297,130.976882
-5.4899907,201,131.002917
-1.5999851,215,131.05007
0.44001865,267,131.092681
-3.7999864,201,131.112036
10.730024,275,131.133586
-1.7299852,207,131.215834
12.650034,351,131.267419
10.870028,347,131.289049
0.28001404,255,131.338648
0.80001545,303,131.407814
2.5100193,283,131.432858
-5.4899907,201,131.481746
-1.7499857,181,131.51535
-5.4899907,201,131.62561
-5.4899907,201,131.698751
-1.7499857,207,131.758658
-5.4899907,201,131.776693
10.770025,275,131.824817
-1.7499857,207,131.973296
-4.93999,201,132.007358
0.28001404,257,132.069984
-5.4899907,201,132.105665
2.3200274,351,132.157318
33.26996,321,132.170843
0.27001476,255,132.254143
1.1400232,303,132.271172
0.2500143,253,132.352851
31.799961,427,132.367465
0.29001427,291,132.458827
0.30001545,267,132.533016
10.730024,273,132.687472
-4.2299848,197,132.733272
0.3700142,309,132.754325
10.710024,307,132.945732
-5.4899907,201,133.023581
-5.4899907,201,133.106605
0.3900156,345,133.238771
0.55001926,421,133.277892
10.750023,313,133.301941
0.33001518,355,133.387726
10.7800255,323,133.43891
10.760023,373,133.513144
0.29001522,269,133.535711
-5.4899907,207,133.551263
4.0500326,449,133.597374
-4.249985,201,133.657019
0.280015,255,133.669041
0.26001453,267,133.749228
-3.8699765,201,133.943131
2.0100288,439,133.951188
0.3400154,421,133.981278
-4.9299903,201,133.99431
-5.4899907,201,134.019079
-5.4899907,201,134.210167
-4.5799813,201,134.239196
-5.459991,207,134.250217
0.8300152,355,134.267329
-3.9399784,209,134.30339
-5.4899907,201,134.344652
-5.4899907,201,134.440117
12.950029,333,134.636823
-3.1599874,165,134.664402
10.670023,275,134.716532
13.020031,351,134.780131
-1.4699802,213,134.812061
0.29001427,267,135.035971
-5.4899907,201,135.050994
-2.36998,217,135.091074
-5.4899907,201,135.106605
2.4100294,573,135.213249
0.2500143,253,135.249339
1.9500265,361,135.32205
0.29001522,291,135.339101
0.37001705,357,135.339101
-5.4899907,201,135.500046
0.26001453,253,135.579714
10.720024,273,135.602258
1.9500189,317,135.63587
0.8800163,341,135.63587
0.87001705,281,135.729063
-4.6399827,201,135.741082
-5.4899907,209,135.816552
0.3700142,345,135.844598
0.27001476,255,135.951366
-5.4899907,201,135.996781
10.840023,311,136.314585
0.48001766,393,136.314585
0.630023,335,136.323602
10.730022,369,136.399912
-4.0999823,217,136.409933
0.49001884,279,136.456064
2.3600283,371,136.507659
0.40001774,267,136.566438
-5.4899907,199,136.573452
14.170034,323,136.646669
0.6000185,339,136.69627
0.5500202,299,136.747687
2.4600306,369,136.761213
16.030043,419,136.819303
0.37001514,357,136.949407
2.350028,349,137.061351
10.720024,273,137.165845
12.66003,317,137.302135
-4.2099843,197,137.342217
0.4200163,303,137.342217
-2.6099823,217,137.354738
0.4400177,295,137.411334
0.280015,257,137.437897
3.3300266,223,137.506341
0.63002014,357,137.579003
31.409958,427,137.666971
11.21003,415,137.713982
0.37001705,355,137.878484
0.40001392,415,137.878484
2.090022,297,137.900014
14.250036,429,137.930077
10.590021,265,138.037011
10.860027,317,138.101078
10.680023,273,138.308026
0.55001545,293,138.308026
71.13008,335,138.433303
0.5900183,363,138.534745
0.38001633,345,138.559487
31.009953,331,138.590058
4.110034,395,138.604589
0.5400162,317,138.615614
1.5600212,183,138.76704
10.860025,305,138.792089
11.290026,323,138.811188
12.880043,315,139.033631
0.98002243,351,139.110264
31.639965,353,139.122285
0.33001614,355,139.149349
2.1400232,275,139.303733
-1.6999855,207,139.322264
-1.7499857,207,139.377875
33.539967,385,139.388401
0.83001614,307,139.420535
0.29001522,269,139.55214
0.8200159,305,139.685437
-5.4899907,201,139.706972
11.6700325,351,139.907878
11.240025,343,139.9194
0.3900175,357,139.952391
0.30001545,269,139.983441
-5.4899907,201,140.022449
0.34001446,423,140.066038
1.0800209,485,140.109122
0.24001408,267,140.166722
0.26001453,255,140.186762
14.060041,325,140.195777
0.39001465,349,140.24586
10.660023,267,140.262387
-3.969979,201,140.338017
1.8600283,329,140.358059
-2.8799767,221,140.389627
-0.28997636,205,140.65571
12.92004,357,140.65571
-5.4899907,199,140.725969
-1.6899843,181,140.839599
1.9600294,223,140.956883
0.3700161,321,141.004007
0.8200159,303,141.018034
0.43001842,331,141.044081
-5.389991,201,141.061619
10.750025,269,141.165165
0.43001842,305,141.191204
12.49003,345,141.21224
1.4900198,435,141.374166
12.640034,389,141.460402
71.45008,365,141.517096
10.710024,273,141.5647
-5.4899907,207,141.610295
-4.1399827,203,141.639355
-5.4499907,207,141.667912
1.7400236,295,141.699542
14.360039,419,141.738177
0.29001522,291,141.834503
0.70002365,383,141.896153
-2.419978,187,141.935728
33.229946,369,141.988035
11.690035,285,142.056159
-5.4899907,201,142.056159
0.28001404,355,142.067171
12.380028,321,142.135781
33.139957,333,142.1493
-4.5799813,201,142.20051
-3.599982,201,142.280285
0.44001865,319,142.437927
10.860027,287,142.536133
14.360039,325,142.591693
12.990042,365,142.611734
0.34001637,355,142.654813
0.9500189,297,142.671288
0.4100151,273,142.816931
11.300035,311,142.857997
10.760023,353,142.917807
-3.1799786,209,143.015737
10.870028,297,143.021738
0.44001865,329,143.05029
13.290037,419,143.066811
1.6600199,363,143.147959
-6.1000004,119,143.180624
-4.0799847,219,143.218179
0.38001537,349,143.246281
-4.809988,223,143.274986
0.36001682,437,143.274986
-4.289988,223,143.291955
-4.8799887,177,143.409701
-5.149991,223,143.435242
13.520029,321,143.488099
-1.5599833,177,143.521688
-1.679985,177,143.551745
10.610027,369,143.576286
-5.429991,143,143.596335
-5.459991,143,143.688506
0.32001376,159,143.695016
-1.8699782,225,143.70603
-2.7099848,177,143.817812
-4.499994,127,143.847842
-4.5699816,223,143.905991
2.00002,309,143.957085
-1.3599894,141,144.035946
-1.6899853,177,144.059654
-6.0300007,177,144.091704
1.2700262,699,144.091704
-5.6199956,115,144.103721
-2.5199807,177,144.135293
-6.0300007,177,144.177862
0.44001842,171,144.312713
-1.4999831,177,144.341779
2.6600237,377,144.382387
74.260124,297,144.494427
-1.4999812,177,144.526866
5.070032,363,144.556858
1.9798279e-05,177,144.556858
-0.079981804,177,144.612463
-0.049981117,177,144.6608
-4.4099894,151,144.733455
1.0000198,177,144.784363
-0.079981804,177,144.825953
1.8844605e-05,177,144.825953
-1.6399851,177,144.867035
-2.719985,177,144.918147
-0.02998066,177,145.054202
-2.6599836,177,145.086272
-1.5899839,177,145.127974
1.8844605e-05,177,145.158103
-1.6099834,177,145.19117
-1.7099857,177,145.19117
-0.10998249,177,145.242468
-2.7299867,177,145.289792
0.9000175,167,145.319836
13.450027,357,145.379435
2.130023,293,145.405978
-1.6899853,177,145.426025
-4.9199896,187,145.426025
-6.1400003,113,145.451717
-0.1499834,193,145.478274
-5.619995,115,145.51734
-5.5999947,117,145.553401
-5.1199913,177,145.643711
-6.1400003,113,145.668263
-0.11998272,177,145.710873
-5.4499907,143,145.710873
-2.7799869,177,145.758505
-6.0300007,143,145.84617
-2.4199908,135,145.90812
-2.259986,177,145.984263
2.5400207,181,145.996952
-5.4499907,143,146.010481
-2.2299852,177,146.020619
14.630022,339,146.035143
-4.1799846,223,146.046159
-4.629983,223,146.128306
35.059956,397,146.166376
-1.679985,177,146.193428
-5.6399956,113,146.20946
-0.11998272,177,146.310811
-5.639995,113,146.328344
2.4200172,289,146.487348
-5.4499907,143,146.509893
-0.83998895,143,146.537451
1.3600166,163,146.582517
-5.639995,113,146.607058
-5.399991,143,146.625088
-1.6399851,177,146.641621
-5.659995,111,146.675999
2.4800196,301,146.783489
-4.90999,223,146.783489
2.720025,333,146.876332
-2.2099857,177,146.877329
1.0000181,193,146.909914
-0.11998272,177,146.953997
1.8800173,379,146.992784
-0.02998066,177,147.143806
-0.079981804,175,147.166072
-5.4499907,143,147.196125
13.49003,325,147.196125
-6.0300007,177,147.254248
-0.069981575,193,147.263765
-5.6599956,111,147.27729
-5.4499907,143,147.330918
1.0400181,193,147.410789
-1.6199837,177,147.44184
-0.09998226,177,147.607353
-5.619995,115,147.657034
-5.479991,223,147.657034
-5.599995,117,147.719548
-0.11998272,177,147.754318
-5.639995,113,147.785932
-0.069981575,177,147.801954
-2.1999846,177,147.801954
1.8600168,339,147.834512
-5.4699907,223,147.987288
-4.9299903,223,147.995808
0.25002575,253,148.008319
33.40996,397,148.027147
14.620022,323,148.038162
-5.619995,115,148.178526
-5.4699907,223,148.187557
1.9798279e-05,177,148.211607
0.44001842,171,148.256243
-2.759986,177,148.288325
-4.4099894,151,148.318006
-2.809987,177,148.381641
-0.09998226,177,148.498939
-0.079981804,177,148.510964
-5.619995,115,148.522988
-1.9999802,177,148.550061
3.8600283,457,148.586131
-0.01998043,177,148.746582
1.9798279e-05,177,148.756098
-2.2399855,177,148.778143
-0.079981804,177,148.795677
-3.3099875,167,148.899834
-2.6999846,177,148.934517
-2.1999848,157,148.945545
-0.10998249,193,149.041736
-1.4999821,177,149.062773
1.3600166,163,149.088286
-4.90999,223,149.131859
-0.5599816,171,149.139871
-0.079981804,177,149.15641
-0.10998249,177,149.19075
-2.7999868,177,149.2255
0.9000175,167,149.357255
-2.6499834,177,149.373548
-0.11998272,177,149.383568
1.9798279e-05,177,149.414118
-4.87999,327,149.453687
0.92001796,169,149.495781
-6.0000005,177,149.547387
-2.7399855,177,149.558404
1.8200157,159,149.599996
-0.12998295,177,149.675142
-1.9999802,177,149.702823
-0.079981804,177,149.741915
-2.1899843,177,149.749933
-5.639995,113,149.763964
-1.679986,177,149.770979
1.9798279e-05,177,149.806474
-5.619995,115,149.823002
-4.9299903,223,149.982875
-1.6599846,177,149.996401
-0.079981804,177,150.102666
-5.619995,115,150.183854
-5.479991,223,150.193964
-2.1699839,177,150.20749
1.9798279e-05,177,150.254576
1.8200157,159,150.275632
3.7000244,197,150.29016
-0.049981117,177,150.358322
-1.0699844,177,150.399912
-0.10998249,177,150.415141
-0.01998043,177,150.423641
-2.719985,177,150.458212
1.9798279e-05,177,150.474241
-1.679985,177,150.638391
-0.069981575,177,150.647407
-0.11998272,177,150.711044
-0.059981346,177,150.786195
-0.049981117,177,150.794207
-2.0299807,177,150.811739
33.419964,383,150.854337
-2.759986,177,150.865353
1.9798279e-05,177,150.883891
-1.6399851,177,150.895916
-0.11998272,177,150.970072
-0.11998272,177,151.007245
1.9798279e-05,177,151.027279
-0.08998203,177,151.062784
2.6000214,189,151.070802
-2.7799864,177,151.086337
-5.619995,115,151.125419
-1.589983,177,151.251193
-0.009980202,177,151.263716
-5.619995,115,151.263716
1.9798279e-05,177,151.407372
1.0000198,177,151.415394
-0.01998043,177,151.499745
-0.079981804,177,151.515276
-6.0300007,143,151.515276
-5.619995,115,151.526298
-5.639995,113,151.661096
1.0000188,177,151.687042
0.500016,177,151.699054
-0.01998043,193,151.71108
-0.079981804,189,151.732118
-5.479991,223,151.756434
-5.3099957,159,151.818513
1.9798279e-05,177,151.878625
-5.639995,113,151.902166
12.360027,303,151.921211
34.65997,341,152.004176
-2.7599864,177,152.03675
-0.10998249,177,152.118428
-0.9999831,177,152.132959
-2.2499857,177,152.148494
-4.349989,223,152.210142
-0.069981575,177,152.288322
-6.1400003,113,152.31295
-1.6399851,177,152.330988
-2.1699839,177,152.36108
1.1000204,193,152.437743
-0.109983444,177,152.450271
-4.90999,223,152.483757
-5.639995,113,152.606648
-0.10998249,177,152.637712
-2.2399855,177,152.667774
3.6100206,297,152.748759
-0.10998249,177,152.757781
1.9798279e-05,177,152.772815
-5.4499907,143,152.828437
-6.5600004,121,152.874554
-0.069981575,177,152.91463
-4.3499894,223,152.91463
1.0000179,177,152.935667
-3.2799878,167,152.94737
2.0600214,317,153.007495
-1.4999812,177,153.055344
-3.3099875,167,153.068364
-4.89999,327,153.082899
-5.4499907,143,153.118471
1.9798279e-05,177,153.258776
-1.589983,177,153.287117
-4.4099894,151,153.305634
1.9798279e-05,177,153.372283
-1.5599833,177,153.385804
-5.639995,113,153.410849
-1.6599846,177,153.45745
-1.5999825,167,153.503045
-0.08998299,177,153.540172
1.9798279e-05,177,153.564516
1.8844605e-05,177,153.574531
-1.079982,169,153.656706
2.300027,227,153.672233
1.9798279e-05,177,153.687757
0.9000175,167,153.707807
-0.01998043,177,153.71582
-5.6199946,115,153.788468
-1.6599855,177,153.911031
2.140023,191,153.968675
-1.679985,177,154.001248
-4.639984,223,154.040334
-1.6299849,177,154.115421
2.0000198,177,154.169869
-0.01998043,177,154.179886
-5.479991,223,154.189904
0.9000175,167,154.243026
-4.3299894,167,154.28211
-0.11998272,177,154.292136
-1.5699825,177,154.306441
-5.619995,115,154.321975
-0.08998203,177,154.331994
-1.679986,177,154.406648
-0.01998043,177,154.580395
-0.01998043,177,154.612946
3.850028,319,154.64101
0.52002025,179,154.662053
4.890026,351,154.676578
1.9798279e-05,177,154.731024
-0.08998203,177,154.782125
-0.039981842,177,154.794655
1.9798279e-05,177,154.848775
0.9000175,167,154.864299
-0.07998276,177,154.891375
-1.5799828,177,154.911918
-4.89999,185,154.957508
1.1200206,189,154.980046
-5.619995,115,155.172947
72.620094,291,155.185466
-0.10998249,177,155.195484
-0.12998295,177,155.230067
-0.11998272,177,155.260162
-2.0799818,177,155.280204
-0.059981346,177,155.29223
-5.429991,137,155.334821
1.9798279e-05,177,155.355859
14.100031,309,155.46658
-0.08998203,177,155.479099
-0.09998226,177,155.508662
-1.0199807,177,155.528704
-1.4999812,177,155.566782
-4.9299903,223,155.574793
1.0000198,177,155.594833
-1.9199898,135,155.670998
-0.839988,143,155.687878
-6.0300007,171,155.782405
-2.2199876,155,155.85872
2.1200206,189,155.881271
-0.069981575,177,155.888785
3.7200248,199,155.945119
-2.4399912,133,155.964146
4.220024,199,155.979173
-1.6999867,157,156.024302
-1.259989,151,156.048151
-2.7499862,207,156.066512
0.98001957,207,156.174734
1.920018,169,156.241378
-2.679984,207,156.288965
-4.85999,181,156.297989
-1.9399903,133,156.40771
1.9400184,171,156.534587
-6.0200005,207,156.553115
2.380017,165,156.566647
-6.0200005,207,156.581171
2.4000175,167,156.602201
-1.98998,207,156.651451
2.720025,331,156.693062
12.930029,275,156.722184
13.000027,365,156.805621
-6.0200005,207,156.928881
-6.0200005,207,156.981494
-6.0200005,207,156.995018
12.850027,337,157.023059
-6.0200005,207,157.113256
32.489952,333,157.186692
0.5000198,177,157.245816
-6.0200005,207,157.268555
-6.0200005,207,157.283082
-6.0200005,207,157.301128
12.120022,329,157.301128
-6.0200005,207,157.320157
-6.0200005,207,157.398813
-1.9399903,133,157.405825
-6.0200005,207,157.430139
12.080021,273,157.486748
-6.0200005,207,157.520315
-6.0200005,207,157.685799
-6.0200005,207,157.694312
-6.0200005,207,157.720369
2.090022,205,157.786785
-6.0200005,207,157.851374
-6.0200005,207,157.906216
-6.0200005,207,157.928761
-6.0200005,207,157.938785
-6.0200005,207,157.955821
-6.0200005,207,157.955821
-6.0200005,207,157.974347
-6.0200005,207,158.045777
-6.0200005,207,158.05229
-6.0200005,207,158.076836
-6.0200005,207,158.153473
1.4600189,173,158.23671
-6.0200005,207,158.3121
-6.0200005,207,158.405806
-6.0200005,207,158.467884
2.2000246,333,158.488667
-6.0200005,207,158.527576
-6.0200005,207,158.547106
-6.0200005,207,158.560126
-6.0200005,207,158.585664
-6.0200005,207,158.585664
2.090022,297,158.598683
-6.0200005,207,158.608707
-6.0200005,207,158.67884
-6.0200005,207,158.685853
-6.0200005,207,158.708896
-6.0200005,207,158.78603
-6.0200005,207,158.868681
-6.0200005,207,158.936391
-6.0200005,207,159.03261
-6.0200005,207,159.100583
-6.0200005,207,159.119112
-6.0200005,207,159.157648
-6.0200005,207,159.181192
-6.0200005,207,159.192212
-6.0200005,207,159.207743
-6.0200005,207,159.207743
-5.289995,203,159.214252
-6.0200005,207,159.228893
-6.0200005,207,159.302548
-6.0200005,207,159.309056
-6.0200005,207,159.335099
-6.0200005,207,159.411221
-6.0200005,207,159.496869
-6.0200005,207,159.565998
1.920018,169,159.621598
-6.0200005,207,159.666691
-6.0200005,207,159.74714
-5.169991,187,159.782698
-6.0200005,207,159.798345
-6.0200005,207,159.818872
-6.0200005,207,159.831394
-6.01,207,159.844413
-6.0200005,207,159.844413
-6.0200005,207,159.853433
-6.0200005,207,159.932205
-6.0200005,207,159.942225
-6.0200005,207,159.965295
-1.9399903,133,160.038095
-6.0200005,207,160.045106
-6.0200005,207,160.127758
-2.4199903,135,160.224965
-1.9199898,135,160.25352
-2.4199898,135,160.33797
-6.0000005,207,160.388306
12.870028,273,160.400671
-2.7799864,207,160.425708
-2.7399855,207,160.43773
-5.98,207,160.467795
-1.9199898,135,160.542433
-2.7999868,207,160.568976
-5.279991,177,160.584513
-6.0200005,207,160.598026
34.41995,291,160.778933
-1.9399903,133,160.879126
-2.7999868,207,160.912693
13.690035,337,160.925222
12.970018,277,160.944246
2.0300207,409,160.983019
-6.0200005,207,161.034356
-6.0200005,207,161.082449
-6.0200005,207,161.146147
2.0700216,281,161.170692
-6.0200005,207,161.231302
-6.0200005,207,161.264923
-6.0200005,207,161.281962
-1.9199898,135,161.304495
-1.8799772,223,161.315013
-3.799987,147,161.397039
-1.9199898,135,161.404547
-6.0200005,207,161.452667
33.379963,335,161.542386
2.8600283,331,161.560413
-1.9399903,133,161.613506
-1.99998,207,161.621524
-2.7399855,207,161.721396
-1.9199898,135,161.748935
-1.229974,209,161.781283
-6.0200005,207,161.912556
-3.299989,147,161.919063
-2.7499857,207,161.988637
2.9900312,337,162.005158
-1.9399903,133,162.023696
12.080021,273,162.064631
2.1200218,201,162.064631
-0.84997654,207,162.089693
-0.98997974,207,162.175967
-2.179984,207,162.195014
-0.5699816,207,162.246105
32.989952,337,162.389434
-1.8399765,207,162.400453
34.38996,329,162.408793
-6.0200005,207,162.430321
-0.75998807,151,162.442337
-0.8299763,207,162.466893
-1.9399903,133,162.487436
-1.9199898,135,162.533514
-3.6999934,157,162.598855
-2.6599836,207,162.675305
-2.759986,207,162.761482
-6.0600004,121,162.775687
14.360039,287,162.849327
-2.879989,139,162.886877
-1.9199898,135,162.895894
1.4200296,223,162.914427
-2.7899866,207,162.938971
3.7200248,199,163.02061
-1.4499798,207,163.076277
-1.4899807,207,163.085798
-0.2999754,229,163.127874
-5.0999947,117,163.144396
4.020032,357,163.170449
-6.0200005,207,163.184503
1.2900267,343,163.305968
0.25002575,229,163.315987
-1.9199898,135,163.342538
3.6200228,227,163.397155
-1.869977,207,163.433444
1.0000198,177,163.461559
-2.3599908,141,163.47257
-2.719985,207,163.513644
-1.089982,207,163.55249
-3.7799885,149,163.563506
-1.8799772,207,163.601588
-2.4199898,135,163.601588
-4.4099894,151,163.617106
-6.0200005,207,163.788016
-0.5399809,207,163.819074
-2.799987,147,163.852642
-1.9199898,135,163.880697
-0.70997334,207,163.980878
0.79002666,223,164.000432
-3.779989,149,164.007944
0.8900287,225,164.02147
-2.3999894,137,164.02147
-2.219985,207,164.077191
1.830039,337,164.127278
-2.7799864,207,164.150829
3.0000198,177,164.150829
-1.4699793,207,164.194925
1.6800354,245,164.227977
-2.7899866,207,164.237992
-0.85998845,141,164.291888
0.52002025,179,164.344464
1.0000198,177,164.372556
-2.4199898,135,164.407018
-1.6299839,199,164.490671
-5.619995,115,164.58184
-3.2599914,151,164.612895
1.8844605e-05,177,164.622916
1.4400299,223,164.693823
3.9800298,225,164.709353
1.3700285,231,164.730886
1.0900221,199,164.765953
2.8200274,247,164.773457
2.1000204,219,164.811525
3.7200248,199,164.847079
-1.6599877,161,164.901859
-3.7799919,149,164.952454
3.6400223,215,164.952454
1.260026,247,165.128163
14.650034,329,165.201809
-2.6799843,159,165.216339
1.5000198,177,165.250736
2.2200239,199,165.305336
2.8200274,225,165.315356
4.3200264,341,165.388496
2.1200197,191,165.388496
3.6800232,225,165.452723
0.71002364,221,165.509329
-0.5399697,223,165.613543
1.4800308,225,165.624563
-2.339988,143,165.632582
-5.639995,113,165.643595
-5.6599956,111,165.643595
3.420041,345,165.669148
3.7500238,361,165.688577
-0.11998581,167,165.721627
1.5983582e-05,177,165.782753
3.7100248,229,165.81931
3.5700216,375,165.892972
1.9798279e-05,177,165.913499
2.8800402,337,165.913499
1.5400207,181,165.929038
-2.19999,157,165.983895
1.720021,199,166.045507
-0.83998895,143,166.05702
-5.639995,113,166.058022
-2.2799876,149,166.082561
1.8844605e-05,177,166.178398
-1.4899809,181,166.191924
2.1200225,189,166.209453
2.0800216,185,166.232998
3.4700286,229,166.37074
1.5100203,185,166.464527
1.2200251,223,166.481553
-0.29998803,147,166.491598
1.0500212,207,166.52165
1.8100271,211,166.552702
-2.759986,207,166.552702
-2.7899866,207,166.602794
-1.9199898,135,166.609301
-2.2399857,153,166.639352
-1.2999871,147,166.668432
-1.5999823,207,166.687963
-1.4799795,207,166.687963
1.130023,301,166.700984
-0.83997655,215,166.737046
-2.3999894,137,166.792785
-2.0599833,207,166.821834
-6.0200005,125,166.929321
-1.9199898,135,167.00852
-1.9399903,133,167.056098
-5.8799977,143,167.101832
0.72002506,207,167.108338
-2.7899866,207,167.115347
-2.059986,197,167.147411
-1.3199759,223,167.195506
-6.0200005,207,167.30619
-1.1599836,211,167.312703
-1.1699724,223,167.393838
0.18002415,207,167.427431
-2.7399871,155,167.562637
-6.0200005,209,167.635321
34.039894,335,167.635321
34.319904,399,167.665372
-2.769987,207,167.682898
-6.0200005,207,167.72747
-1.8599894,141,167.733981
2.8700285,381,167.751006
34.47994,335,167.793075
-6.0600004,121,167.802089
-1.4699793,207,167.926315
-1.9199898,135,167.980907
1.8600197,363,168.013957
-1.9199898,135,168.045006
-1.9399903,133,168.127148
33.88996,335,168.145178
3.7200365,355,168.177234
34.609913,327,168.177234
-2.7799864,207,168.296468
-6.0200005,207,168.35458
-1.7799749,207,168.373113
34.25996,333,168.397655
-2.7899866,207,168.4247
-1.9399903,133,168.565597
-6.0200005,207,168.599479
35.779884,341,168.694656
-5.9900002,143,168.712681
14.330038,361,168.71919
-6.0200005,207,168.749234
-1.9199898,135,168.775326
-1.9399903,133,168.79486
-6.0200005,207,168.79486
32.989952,337,168.803819
12.890028,273,168.866436
2.9900312,339,168.941134
-6.0200005,207,168.969177
-1.9399903,133,169.002733
14.010031,337,169.02928
-2.7999868,207,169.040799
-5.379991,177,169.108415
-5.0999947,117,169.115425
-1.9199898,135,169.125441
32.489952,333,169.163006
-6.0200005,207,169.34533
-6.0200005,207,169.351842
-4.8399916,143,169.383902
-6.0200005,207,169.405456
-2.7999868,207,169.427505
-2.6999846,207,169.427505
-6.0000005,207,169.439519
-2.809987,207,169.501144
-2.7599869,207,169.624871
-2.809987,207,169.716552
-2.809987,207,169.72206
-6.0200005,207,169.735077
-6.0200005,207,169.769639
12.700024,273,169.797213
-6.0200005,207,169.948493
-6.0200005,207,169.981753
-6.0200005,207,170.00629
2.8600283,331,170.013801
-6.0200005,207,170.032834
32.489952,333,170.032834
-6.0200005,207,170.032834
-6.0200005,207,170.220764
-6.0200005,207,170.310999
-6.0200005,207,170.319511
33.079956,335,170.327524
-6.0200005,207,170.335033
-6.0200005,207,170.36959
-6.0200005,207,170.399182
2.380017,165,170.441759
2.8200274,339,170.485559
-6.0200005,207,170.609303
-6.0200005,207,170.630907
-6.0200005,207,170.630907
-6.0200005,207,170.630907
-6.0200005,207,170.825414
-1.9399903,133,170.863996
-6.0200005,207,170.926361
-6.0200005,207,170.932868
-5.98,207,170.939376
-6.0200005,207,170.946398
-6.0200005,207,170.987468
32.489952,333,170.997989
-6.0200005,207,171.059597
-5.9900002,143,171.071247
2.0700216,383,171.131994
-6.0200005,207,171.268294
-6.0200005,207,171.268294
-1.9399903,133,171.353232
2.040021,679,171.438611
-6.0200005,207,171.473172
-1.9199898,135,171.535305
-4.7599945,165,171.566372
-6.0200005,207,171.576392
-6.0200005,207,171.588415
-6.0200005,207,171.594926
-5.619995,115,171.624065
-2.7899866,207,171.635587
-6.0200005,207,171.649617
2.0500212,339,171.666649
-6.0200005,207,171.710932
3.020032,473,171.832176
-2.259986,207,171.894842
1.910018,379,172.026747
-6.0200005,207,172.067831
-1.9199898,135,172.102037
-6.0200005,207,172.193695
-6.0200005,207,172.206736
-6.0000005,207,172.253306
-6.0200005,207,172.265837
-6.0200005,207,172.285362
32.489952,333,172.47885
33.299885,327,172.526433
-1.8999777,211,172.526433
12.000019,323,172.559489
33.31996,335,172.623964
13.230024,273,172.649361
-2.3999894,137,172.688567
-6.0200005,207,172.701093
-2.7799864,207,172.731224
2.94003,473,172.789834
4.0100317,409,172.821896
-2.809987,207,172.830912
-6.0200005,207,172.839432
12.950029,273,172.871101
-2.6699839,207,172.889632
-5.619995,115,173.078037
12.080021,273,173.093059
-2.7999868,207,173.162931
-6.0200005,207,173.199504
0.020012626,179,173.237579
-6.0200005,207,173.289681
-2.879989,139,173.309727
-2.759986,207,173.342276
2.040021,281,173.396687
12.620022,303,173.422003
-2.7999868,207,173.437528
-2.809987,207,173.471055
-2.7899866,207,173.477566
2.8100271,339,173.663169
-0.9099779,207,173.71426
-1.9199898,135,173.721289
-2.7999868,207,173.793923
-1.9199898,135,173.803943
-1.9399903,133,173.833068
-2.809987,207,173.833068
34.599907,335,173.862122
-2.6399832,207,173.877645
1.9500189,331,173.887658
-2.0599816,209,173.982117
-2.7499857,207,174.047333
34.719887,329,174.099422
-2.6999846,207,174.284927
32.489952,333,174.293438
-2.7899866,207,174.339528
-1.8899775,207,174.415321
-1.6499834,207,174.427602
-1.8899775,207,174.458662
-2.7299852,207,174.458662
33.399883,333,174.476701
-2.7699862,207,174.488722
-0.81997585,223,174.553417
13.1500225,287,174.58949
-0.1999731,223,174.649605
-5.639995,115,174.694187
-1.9199898,135,174.709705
14.140034,275,174.709705
-2.4199903,135,174.718722
-1.9199898,135,174.889913
-5.6599956,111,175.017649
-1.9799798,207,175.04531
-2.759986,207,175.05432
-2.7699862,207,175.085373
-2.1099825,207,175.103415
0.9500303,349,175.103415
-6.0200005,207,175.188153
13.930029,361,175.202174
-0.72997403,233,175.303359
-1.8399765,207,175.342428
-6.0200005,207,175.353442
-1.7199872,155,175.3825
-1.8999894,137,175.485679
-1.9199898,135,175.51975
3.4300299,355,175.56534
1.460016,173,175.662024
-2.719987,197,175.695082
-2.809987,207,175.702096
-0.869977,331,175.753169
3.9200296,357,175.782227
-6.0200005,207,175.866881
-6.1400003,113,175.925161
-6.0200005,207,176.008868
4.0100317,831,176.025645
-6.0200005,207,176.135947
2.4700184,333,176.15348
33.31996,335,176.234077
-1.8999777,207,176.315892
1.4800308,225,176.343441
-2.6399915,163,176.349948
33.759907,341,176.400532
-2.6199915,233,176.400532
33.639935,335,176.419065
4.020032,247,176.489739
-1.5799818,197,176.593525
0.78002644,207,176.643121
4.2500362,469,176.743301
13.700024,333,176.772207
4.2600374,423,176.817744
2.440028,231,176.883422
1.0000198,177,176.898958
-0.03998089,177,176.927007
1.6000335,253,176.946035
0.9000175,167,176.960064
1.3700283,225,176.969079
0.98001957,177,176.996621
-2.1999846,177,177.014146
-6.1000004,119,177.061474
-3.1299832,173,177.077073
1.8000269,225,177.091097
-0.049981117,177,177.187761
-5.619995,115,177.294441
3.9900312,441,177.300954
-5.639995,113,177.334111
-0.5599823,177,177.346806
-2.7899866,177,177.37593
-5.98,143,177.38344
-5.4499907,143,177.407987
0.48001838,177,177.451562
-1.0599833,177,177.526687
-6.0300007,177,177.608837
-6.0300007,141,177.631377
-2.259986,177,177.631377
-0.04998207,189,177.66143
-5.599995,117,177.679967
-4.379989,225,177.712525
-6.01,143,177.813195
-5.389991,175,177.84124
-5.6799955,109,177.847754
3.3000257,309,177.864276
-2.7499857,177,177.895745
-2.0599816,179,177.92881
0.40001774,189,177.986884
4.6600237,367,178.002905
-5.4499907,223,178.035444
-5.339993,143,178.137155
1.9000175,167,178.1667
-2.7799864,177,178.173211
-5.479991,223,178.285411
-6.0300007,143,178.327775
3.7600374,319,178.414425
-5.309991,185,178.419931
-6.0300007,143,178.431454
6.8200264,209,178.456762
-5.9499993,177,178.521383
-5.479991,225,178.532401
-2.809987,177,178.564193
-5.4699907,223,178.60526
-4.8499904,327,178.664197
12.290026,343,178.67672
-5.639995,113,178.764181
12.62002,323,178.819771
-5.439991,143,178.849819
-6.0300007,185,178.879819
-5.4499907,143,178.879819
12.830027,297,179.020154
-6.0300007,177,179.040183
-6.0300007,175,179.048199
-5.439991,143,179.088758
-2.7699862,177,179.128829
-5.639995,113,179.212495
-4.5699816,223,179.227021
13.620031,359,179.244544
-4.7999935,147,179.267768
3.6700354,369,179.284296
-6.0300007,177,179.382491
6.840027,211,179.401514
-6.0300007,133,179.433572
-4.839994,143,179.485948
4.2300367,375,179.549059
3.9200296,421,179.55707
-5.639995,113,179.570092
-2.639984,163,179.630065
3.9700308,319,179.639079
0.5000198,177,179.760205
1.0000198,177,179.804019
-3.3799903,141,179.814531
2.640023,191,179.830055
-5.639995,113,179.959785
-1.9199898,135,179.968799
1.9798279e-05,177,180.01055
-1.3799775,207,180.027076
15.650034,395,180.070124
-1.9999816,177,180.081652
14.740036,359,180.135249
-1.6499834,207,180.177111
1.990031,247,180.177111
14.270033,375,180.221687
-0.8799772,207,180.255238
-2.7599914,151,180.262749
-2.7399871,153,180.281272
0.9500303,355,180.357795
1.8300276,233,180.466964
1.0000198,177,180.499203
1.350028,225,180.50572
1.9798279e-05,177,180.513727
-1.5599833,177,180.556798
1.0600212,183,180.588867
-5.619995,115,180.614412
1.9798279e-05,177,180.621421
1.5400207,181,180.646501
-0.059981346,177,180.685261
1.5000198,177,180.726825
1.040021,207,180.812495
-0.11998272,177,180.819001
1.5000198,177,180.894628
-5.619995,115,180.906651
1.350028,225,180.919165
-1.7299852,167,181.016507
0.5000198,177,181.043547
-1.4999859,177,181.055563
-1.4999812,177,181.150028
2.4100275,225,181.160044
-5.619995,115,181.170063
-4.4099894,151,181.1901
3.2000244,197,181.201622
3.6600235,193,181.21872
1.5800216,185,181.259968
3.7200248,199,181.259968
-4.4099894,151,181.383567
-2.119983,165,181.416119
1.3300276,225,181.509513
0.9000175,167,181.538065
-2.679984,207,181.560097
-5.6599956,111,181.597162
-2.0099804,177,181.604174
-4.4099894,151,181.637243
-1.6599839,161,181.681817
-1.139972,213,181.722409
1.0600212,183,181.74595
-5.619995,115,181.78
-0.38997746,207,181.842463
2.7200239,199,181.879022
1.3100271,223,181.912608
1.5000198,177,181.941654
-1.9199898,135,182.022554
-1.9199898,135,182.058112
5.150033,587,182.080142
-1.9199898,135,182.14277
1.9798279e-05,177,182.158296
-2.7599862,151,182.211401
2.0700216,225,182.21891
-0.009980202,177,182.235948
1.3000269,223,182.266356
1.3300273,231,182.275377
1.0000198,177,182.333653
-1.6999848,157,182.377786
-2.7999868,177,182.402829
1.5000198,177,182.471479
1.0000198,177,182.498037
-6.0600004,121,182.542615
1.0000198,177,182.585686
1.7100363,457,182.632889
1.9798279e-05,177,182.645907
-1.6999867,157,182.652418
-2.299987,147,182.689109
1.4800308,225,182.768961
-1.6899853,177,182.785497
1.0000198,177,182.823566
-5.639995,113,182.823566
-0.02998066,193,182.87989
1.9798279e-05,177,182.889406
-5.639995,113,182.904625
-0.09998226,177,182.959184
3.2000244,197,182.994754
-5.639995,113,183.039104
-0.49998116,177,183.057141
1.9798279e-05,177,183.136047
-5.639995,113,183.174517
-0.079981804,177,183.191546
1.0000198,177,183.201563
4.5200415,309,183.220088
3.1200206,189,183.250154
0.9900198,177,183.328315
1.9798279e-05,177,183.381921
-0.059981346,177,183.432559
1.5000198,177,183.446086
1.9798279e-05,177,183.457104
1.5600193,183,183.52825
-2.219985,177,183.584461
1.0000198,177,183.68289
3.1500216,297,183.705426
1.9798279e-05,177,183.741484
-0.079981804,177,183.757012
1.0100193,185,183.770037
1.9798279e-05,177,183.792577
-1.1599867,161,183.840037
-0.9999821,177,183.935872
2.300027,247,183.95598
-1.1399834,163,183.962491
-4.85999,325,184.017093
1.0800216,185,184.024609
2.6000319,329,184.090233
0.0600214,199,184.152851
1.3100271,223,184.152851
-3.2399924,153,184.196343
-3.7799938,149,184.23291
3.9800308,225,184.293509
2.6600235,193,184.301525
3.7000244,197,184.382678
-1.9199898,135,184.430279
1.720022,199,184.450315
2.310027,227,184.465752
-1.1899843,225,184.501553
-2.6499853,177,184.515575
-1.129983,177,184.56916
3.7200248,199,184.586188
0.44001865,207,184.592702
-0.079981804,177,184.6483
-1.6999848,157,184.657318
-5.6599956,111,184.667332
1.5400207,181,184.73045
-2.759991,151,184.778668
0.46001887,173,184.788176
3.7300253,207,184.850515
-2.6799872,159,184.891848
-0.73998666,153,184.922913
-4.479992,131,184.922913
-5.6199946,115,184.947454
-6.1400003,113,185.001537
-5.639995,113,185.007552
-1.5999832,177,185.027086
-2.2399855,207,185.142023
-1.2399886,153,185.196042
3.7500257,207,185.214571
-1.7599862,151,185.247126
0.9600191,199,185.266158
-0.03996967,223,185.284691
-1.9199898,135,185.317345
-2.299991,147,185.378454
-0.23998664,153,185.398498
-1.9399903,133,185.42256
-4.689986,161,185.454623
-2.1599858,161,185.50821
-1.9199898,135,185.569356
-1.9199898,135,185.620381
-2.809987,207,185.66496
-1.9199898,135,185.684988
4.4100294,425,185.775592
-1.0399809,331,185.800132
-2.7599864,197,185.826166
-6.0200005,207,185.884629
73.53004,347,185.920201
-5.9900002,207,185.95026
-6.0200005,207,186.018393
-6.0200005,207,186.037428
13.020031,273,186.114061
-6.0200005,207,186.140098
-2.129983,207,186.198216
-5.6599956,111,186.223748
-1.9399903,133,186.236266
12.880028,271,186.254801
13.0000305,275,186.298976
-6.0200005,207,186.307415
-6.0200005,207,186.328457
-6.1400003,113,186.370521
-0.3599856,247,186.389555
-1.6999855,199,186.405591
-0.7999754,229,186.505787
-1.9499807,207,186.557213
-1.9199898,135,186.557213
-2.809987,207,186.586266
-2.4199903,135,186.618325
-2.3999894,137,186.653882
-6.0200005,207,186.671929
-3.2799919,151,186.753091
-2.7999868,207,186.848278
-1.6799841,207,186.870309
-0.49997997,207,186.911968
-1.2999783,207,186.939515
12.600021,273,186.948526
-6.0200005,207,186.989604
-2.0999823,207,187.007132
-6.0200005,177,187.040185
-2.679984,207,187.169507
-1.8999777,207,187.199558
-2.7999868,207,187.234118
-5.109991,207,187.273695
-5.6599956,111,187.281708
-1.8499768,207,187.297246
13.46003,273,187.376615
33.12993,335,187.407171
-6.01,177,187.457024
-1.9399786,207,187.485061
-5.439991,177,187.544677
-1.9199898,135,187.590252
13.360027,279,187.606282
-1.9199898,135,187.624953
-2.6899867,207,187.625957
-6.0200005,207,187.67204
14.100033,273,187.713106
-1.8599904,141,187.730637
-1.8899775,207,187.897234
33.90988,333,187.949201
-1.9799826,227,187.958931
-2.879989,141,187.964935
-2.3999894,137,188.012025
-1.5099804,209,188.036059
-0.79997563,223,188.055949
-2.7799864,207,188.084005
-1.8499765,207,188.113202
-2.7399855,207,188.214808
-6.0200005,207,188.241747
-6.0200005,207,188.241747
-1.8599768,207,188.290338
-1.1999733,207,188.328394
-5.9499993,207,188.344921
3.890028,427,188.518598
-1.9199784,207,188.564178
-0.5099802,207,188.621887
-6.0200005,207,188.642924
-2.8599908,141,188.654943
-2.7999868,207,188.668248
12.690023,273,188.718954
-0.64997196,223,188.742987
-1.7599862,151,188.774047
1.5700328,239,188.819624
-2.049981,207,188.856694
0.3700285,223,188.878737
1.6100216,199,188.884739
-2.4599907,135,188.933824
-0.30997562,207,188.964872
-1.9399903,133,189.032997
-5.099994,117,189.074069
14.030031,377,189.099613
-2.3799894,139,189.163224
-0.7299757,407,189.183758
-6.5400004,123,189.247372
0.86002827,245,189.306552
-3.3199923,145,189.314566
1.4100294,227,189.337605
0.44002986,233,189.362147
1.5400198,181,189.404229
-3.7599933,153,189.424769
-1.629983,207,189.45213
-5.5599947,123,189.474176
-2.879989,139,189.502217
34.099957,277,189.518251
-1.7099848,157,189.518251
-1.8999894,137,189.58423
1.3600283,223,189.609772
-3.2799861,149,189.756513
-0.8399763,207,189.798583
3.8300257,379,189.900776
-2.779991,149,189.939494
0.22002411,207,189.970542
1.5600221,233,189.999748
1.360028,227,190.008769
1.6100225,213,190.079391
-1.0999718,223,190.091913
-6.0200005,213,190.133994
-2.4199903,135,190.20744
-4.229994,161,190.244995
-5.639995,113,190.256022
1.3100271,229,190.287611
5.400029,301,190.307682
14.43004,283,190.321204
-6.1400003,115,190.337492
-2.7399857,153,190.413642
-2.3599894,141,190.44069
-0.7799876,149,190.536001
4.720025,199,190.614653
-1.9199898,135,190.65221
-1.6699839,177,190.665234
15.570042,391,190.684271
1.5000312,233,190.787766
4.030032,409,190.805786
-0.9699831,199,190.8158
-0.2999754,207,190.877344
-3.2699862,151,190.893876
1.6200159,189,190.903893
-6.0400004,123,190.91442
1.0200205,197,190.92393
1.5000198,177,190.961274
2.0000315,229,190.995831
1.4600306,225,191.005842
0.08002186,187,191.180574
-0.4999802,177,191.21438
1.3800287,667,191.256444
1.3600166,163,191.286544
1.890029,225,191.335032
-2.7799864,177,191.347756
1.4800308,225,191.354265
0.5000198,177,191.354265
1.8200157,159,191.388834
-1.5699854,177,191.427414
-1.5899849,177,191.440037
-1.6299849,177,191.465092
-1.6699858,177,191.534307
-0.11998272,177,191.546834
-4.9299903,223,191.604947
-6.1400003,113,191.659453
-5.619995,115,191.726486
0.50001884,177,191.790605
0.020019531,193,191.809641
-1.7199852,155,191.856727
0.62002254,189,191.87426
-2.2999885,147,191.906305
-0.11998272,177,191.930531
2.100022,187,191.994164
-2.5799818,177,192.030723
1.0900221,199,192.077797
-0.01998043,177,192.106847
14.400038,367,192.116864
-0.10998249,177,192.116864
0.48001933,177,192.17396
-5.619995,115,192.236132
-3.9699807,309,192.321355
-0.09998226,177,192.352916
0.9800186,193,192.385973
-2.759986,177,192.49428
-0.11998367,193,192.503304
-5.619995,115,192.563422
1.8400152,161,192.572931
-0.13998318,193,192.633043
2.7000244,277,192.633043
-6.0300007,177,192.672114
-0.11998272,177,192.698661
0.5500212,193,192.749609
-5.619995,115,192.788927
-0.11998272,177,192.821003
-5.6199946,115,192.857566
4.0100317,391,192.917357
-2.2499857,177,192.946901
0.4900198,193,192.968945
-5.619995,115,192.991973
-2.9599912,131,193.07227
5.120023,189,193.080781
-0.12998295,177,193.110838
3.7800245,369,193.110838
-5.639995,113,193.166939
3.3000267,339,193.19047
-2.7899866,177,193.243158
-0.11998272,177,193.290739
-0.9999802,219,193.308772
-1.6399832,177,193.340848
-5.639995,113,193.426002
0.03001976,193,193.448553
3.1300192,293,193.476972
-0.08998203,177,193.497495
0.4200182,189,193.51203
-2.2299852,177,193.523049
-2.1699839,177,193.549598
-2.8599885,143,193.686363
1.8000267,207,193.716509
-2.3999894,137,193.723024
1.3000267,207,193.76058
-1.6999857,157,193.802149
-2.7799914,149,193.811363
2.3000247,207,193.824382
0.22002506,207,193.84997
-1.9199898,135,193.869006
-2.4199898,135,193.890532
-1.9199898,135,194.100619
-6.0200005,207,194.132169
-6.0200005,207,194.146695
-2.7999868,207,194.160465
-6.1400003,113,194.187018
-2.6099913,237,194.219562
-1.9199898,135,194.226572
-6.0200005,207,194.355245
-6.0200005,207,194.390611
-2.7899866,207,194.446205
-6.0200005,207,194.484281
33.599957,329,194.544433
3.8400278,469,194.557958
-1.9199898,135,194.570979
-3.6999934,157,194.593531
1.0000198,177,194.678945
2.6900244,331,194.733536
13.650034,327,194.796633
-2.7899866,207,194.8377
-2.759986,207,194.845211
-2.6699839,207,194.974274
14.030031,371,194.996309
-0.8199761,207,195.016849
-6.0200005,207,195.073464
32.489952,333,195.153162
-1.3899777,209,195.189854
-2.7899866,207,195.216395
1.3000267,225,195.237639
33.379963,357,195.27874
1.2500255,231,195.27874
1.5000198,177,195.28625
12.080021,273,195.332361
1.2500255,231,195.393469
-6.0600004,121,195.533219
-1.6799853,159,195.568861
1.7600372,253,195.583382
1.9100294,239,195.583382
1.4500303,247,195.606974
-6.0200005,125,195.631015
0.32002735,223,195.68211
1.2500255,225,195.722312
-3.2399857,153,195.759696
-4.4099894,151,195.79426
0.94002986,221,195.880934
1.3600283,225,195.915491
1.0000198,177,195.937045
-5.639995,113,195.959095
-6.1400003,113,195.983143
2.8200245,239,196.024212
-3.2599928,151,196.058776
1.6300342,253,196.070789
-6.1400003,113,196.114359
1.4400184,171,196.114359
1.5000198,177,196.144407
-1.7599862,151,196.160938
0.22002198,199,196.177969
-1.009984,177,196.275157
-0.9999821,177,196.339783
13.910028,435,196.357826
-2.1799843,159,196.408918
-0.01998043,177,196.438974
-3.739988,153,196.461014
-0.049981117,177,196.494575
1.9798279e-05,177,196.516122
-4.4099894,151,196.544162
-1.7199852,155,196.594241
0.9000175,167,196.631006
-2.7599857,151,196.638016
2.220023,199,196.650034
3.1600225,193,196.668063
1.5000198,177,196.698664
-6.1400003,113,196.710685
-1.6199846,177,196.718699
1.0000198,177,196.831209
-1.2199852,155,196.900792
-2.2399852,153,196.934346
0.060021173,185,196.940856
-1.9199898,135,197.008132
0.5700216,199,197.0532
0.5400207,181,197.093248
0.58002186,199,197.108684
3.6600235,193,197.108684
-6.0200005,169,197.152261
-3.239992,153,197.172303
-1.3199759,207,197.255235
-0.69997334,207,197.272261
-1.3199759,207,197.289795
-1.9199898,135,197.336872
-0.9799795,223,197.375427
-0.5899706,229,197.386445
-5.639995,115,197.403475
-1.9199781,207,197.458078
-1.2599871,151,197.472596
-0.5399828,207,197.530729
-1.9399903,133,197.56229
-0.51998043,207,197.576554
-6.1400003,113,197.627801
-2.7899866,207,197.722451
-6.0200005,207,197.870567
-6.0200005,207,197.900111
6.720024,199,197.97346
-6.0200005,207,197.994261
-5.109991,207,198.020897
13.030031,307,198.029914
2.420018,169,198.059975
-6.0000005,207,198.077001
-2.4199903,135,198.124382
-6.0200005,207,198.150935
1.9000177,355,198.182493
32.489952,335,198.188001
-6.0200005,207,198.197018
-6.0200005,207,198.25112
12.98003,317,198.327785
-5.9900002,143,198.473541
-6.0000005,207,198.528129
-6.0200005,207,198.55818
-6.0200005,207,198.623294
-6.0200005,207,198.640821
-6.0200005,207,198.674371
3.020032,403,198.701241
-6.01,207,198.710253
-6.0200005,207,198.727283
-6.0200005,207,198.775355
-6.0200005,207,198.800006
-6.0200005,207,198.828054
-6.0200005,207,198.833564
-6.0200005,207,198.891177
-6.0200005,207,198.952285
-6.0200005,207,199.100963
-6.0200005,207,199.152776
-6.0200005,207,199.189985
1.0000198,177,199.24809
32.649956,343,199.24809
-6.0200005,207,199.280732
6.720024,199,199.289246
-6.0200005,207,199.336833
-6.0200005,207,199.362385
-6.0200005,207,199.408973
-6.0200005,207,199.436904
-6.0200005,207,199.462451
-6.0200005,207,199.472468
-6.0200005,207,199.530962
-6.0200005,207,199.584444
12.330027,343,199.678959
-6.0200005,207,199.73705
-6.0200005,207,199.791047
-6.0200005,207,199.818101
-6.0200005,207,199.878216
-6.0200005,207,199.878216
-6.0200005,207,199.910272
-6.0200005,207,199.921287
-6.0200005,207,199.966862
-6.0200005,207,199.990463
-6.0200005,207,200.035737
-6.0200005,207,200.063791
-6.0200005,207,200.093341
-6.0200005,207,200.149948
6.720024,199,200.184505
-2.4199898,135,200.281192
-6.0200005,207,200.301228
-6.0200005,207,200.358337
2.4000175,167,200.412421
-6.0200005,207,200.412421
-6.0200005,207,200.442481
1.9600191,331,200.46001
-6.0200005,207,200.503618
-6.0200005,207,200.535411
-6.0200005,207,200.588012
-6.0200005,207,200.613559
-6.0200005,207,200.661132
-6.0200005,207,200.686679
2.4000175,167,200.697196
-6.0200005,207,200.720232
-6.0200005,207,200.779353
-6.0200005,207,200.920283
0.5000198,177,200.944832
-6.0200005,207,200.984406
-6.0200005,207,201.038023
-6.0200005,207,201.066573
-6.0200005,207,201.084607
-6.0200005,207,201.127682
-6.0200005,207,201.158252
-6.0200005,207,201.211346
-6.0200005,207,201.233384
32.40995,327,201.273454
-6.0200005,207,201.284467
-6.0200005,207,201.312687
-6.0200005,207,201.320193
-6.0200005,207,201.408089
-6.0200005,207,201.555526
-6.0200005,207,201.583561
-6.0200005,207,201.619125
-6.01,207,201.674722
-6.0200005,207,201.718311
2.380017,165,201.741352
12.320026,343,201.757383
-6.0200005,207,201.794446
6.720024,199,201.879125
-6.0200005,207,201.91568
-6.0200005,207,202.023896
32.489952,335,202.083506
-1.9399903,133,202.115771
32.489952,333,202.139335
2.130023,281,202.166389
6.720024,199,202.194447
-6.0200005,207,202.194447
-1.9399903,133,202.203463
2.7800262,205,202.250044
-6.0200005,207,202.309397
33.139957,335,202.33644
1.910018,379,202.375558
-6.0200005,207,202.375558
-6.0200005,207,202.39259
-6.0200005,207,202.517444
-6.0200005,207,202.552515
-6.0200005,207,202.667439
2.380017,165,202.712512
-6.0200005,207,202.768098
-6.0200005,207,202.791133
-6.0200005,207,202.821189
-6.0200005,207,202.843655
6.720024,199,202.955856
-6.0200005,207,203.019161
-6.0200005,207,203.02016
-2.7899866,207,203.036678
12.080021,273,203.156882
-6.0200005,207,203.166486
2.4000175,167,203.198036
-6.0200005,207,203.206548
32.489952,333,203.237445
1.9700193,367,203.249465
-6.0200005,207,203.358171
12.250025,359,203.371189
-6.0200005,207,203.419271
-6.0200005,207,203.441316
2.1100225,199,203.465871
-6.0200005,207,203.472889
-6.0200005,207,203.602797
-6.0200005,207,203.663925
-6.0200005,207,203.663925
-6.0200005,207,203.681451
2.4000175,167,203.694974
2.380017,165,203.722526
-6.0200005,207,203.810881
6.720024,199,203.824912
-6.0200005,207,203.883535
-6.0200005,207,203.893552
1.4600189,173,204.002687
-6.0200005,207,204.0102
-6.0200005,207,204.021213
6.720024,199,204.064787
-6.0200005,207,204.0713
-2.809987,207,204.114867
1.920018,169,204.143912
2.4000175,167,204.215048
-6.0200005,207,204.310215
-6.0200005,207,204.310215
-6.0200005,207,204.322731
-6.0200005,207,204.361313
-6.0200005,207,204.447374
-6.0200005,207,204.459405
2.380017,165,204.515637
-6.0200005,207,204.527662
-6.0200005,207,204.638352
-6.0200005,207,204.653876
-6.0200005,207,204.698457
-6.0200005,207,204.704961
-6.0200005,207,204.746528
-6.0200005,207,204.771568
-6.0200005,207,204.846716
33.1999,327,204.887913
-6.0200005,207,204.947014
-6.0200005,207,204.947014
-6.0200005,207,204.963038
-6.0200005,207,204.999594
-6.0200005,207,205.084067
-6.0200005,207,205.098594
-6.0200005,207,205.151176
-6.0200005,207,205.165702
2.4000175,167,205.212779
-6.0200005,207,205.285901
-6.0200005,207,205.330973
-6.0200005,207,205.37604
-6.0200005,207,205.405083
2.0600212,183,205.414104
-6.0200005,207,205.518371
-6.0200005,207,205.577474
-6.0200005,207,205.577474
-6.0200005,207,205.593
-6.0200005,207,205.634685
-6.0200005,207,205.713892
-6.0000005,207,205.728416
-6.0200005,207,205.783776
-6.0200005,207,205.795796
-1.9199898,135,205.821339
-6.0200005,207,205.846887
32.569954,401,205.880103
-6.0200005,207,205.932693
-6.0200005,207,205.975776
-1.9199898,135,206.001315
2.380017,165,206.033715
-6.0200005,207,206.052771
12.070021,273,206.201507
-6.0200005,207,206.207515
2.380017,165,206.218537
-2.809987,207,206.25962
-6.0200005,207,206.391331
12.080021,273,206.406855
-6.0200005,207,206.425898
-6.0200005,207,206.45509
2.4000175,167,206.461603
-2.809987,207,206.530721
-1.9199898,135,206.600971
-0.8099756,207,206.634752
34.309883,339,206.729418
34.34996,327,206.758465
-0.55998135,207,206.805044
-2.1099825,207,206.820565
4.2100363,283,206.827574
-4.739994,223,206.899777
-1.9199898,135,206.985095
3.6900244,207,206.995119
-2.5699825,207,207.010645
-1.9399903,133,207.01766
-2.129983,207,207.059855
-6.0200005,207,207.066859
4.280038,429,207.143188
-1.9399903,133,207.204779
-1.9399903,133,207.289416
-2.759986,207,207.329472
14.160034,283,207.353004
-6.0200005,207,207.415105
-6.0200005,207,207.611474
-6.0200005,207,207.624999
-6.0200005,207,207.640518
2.1000223,409,207.647528
-2.809987,207,207.647528
-6.0200005,207,207.69161
-6.0200005,207,207.758651
2.4000175,167,207.848573
1.9200182,379,207.886129
2.7300253,627,207.897649
2.0600214,383,207.967253
-6.0200005,207,207.989291
12.080021,273,208.025172
32.40995,327,208.050709
-6.0200005,207,208.066733
2.4000175,167,208.121308
12.080021,273,208.128319
-6.0200005,207,208.254913
-6.0200005,207,208.28299
-1.9199898,135,208.323064
-6.0200005,207,208.329576
-1.9399903,133,208.407187
-1.9399903,133,208.456776
-6.0200005,207,208.482815
-6.0200005,207,208.521377
-1.9199898,135,208.538909
12.080021,273,208.581468
-6.0200005,207,208.597493
12.000019,323,208.616022
12.320026,343,208.674123
-6.0200005,207,208.686139
2.4000175,167,208.79283
1.920018,169,208.801347
-6.0200005,207,208.866952
12.99003,273,208.924041
1.9400184,171,208.968628
-6.0200005,207,208.995173
2.0600214,339,209.023213
-6.0200005,207,209.050761
-6.0200005,207,209.108354
-6.0200005,207,209.125876
-6.0200005,207,209.169639
-6.0200005,207,209.204196
32.40995,327,209.204196
-6.0200005,207,209.260779
-6.0200005,207,209.270795
-6.0200005,207,209.379439
-6.0200005,207,209.387448
-6.0200005,207,209.498439
32.489952,333,209.526978
-6.0200005,207,209.543007
-6.0200005,207,209.567048
-6.0200005,207,209.596097
-6.0200005,207,209.623136
12.080021,273,209.640167
-6.0200005,207,209.687749
-6.0200005,207,209.705276
-6.0200005,207,209.748838
-6.0200005,207,209.779618
-6.0200005,207,209.779618
-6.0200005,207,209.834702
-6.0200005,207,209.84873
-1.9399903,133,209.937872
-6.0200005,207,209.955891
-6.0200005,207,209.961398
-6.0200005,207,210.073083
6.720024,199,210.17626
-6.0200005,207,210.188782
2.4000175,167,210.1998
-6.0200005,207,210.25138
-6.0200005,207,210.269413
12.080021,273,210.298458
-6.0200005,207,210.346066
-6.0200005,207,210.346066
12.080021,273,210.358587
2.380017,165,210.41418
-6.0200005,207,210.41418
-6.0200005,207,210.523948
12.080021,273,210.577646
2.0600214,383,210.587159
-2.7999868,207,210.643954
12.080021,273,210.689533
-2.809987,207,210.757647
-6.0200005,207,210.770669
-6.0200005,207,210.819756
-6.0200005,207,210.837281
-1.9399903,133,210.889855
-5.459991,177,210.898873
-6.0200005,207,210.918899
-6.0200005,207,210.984009
12.98003,273,211.049649
12.730024,273,211.091712
-6.0200005,207,211.146328
-6.0200005,207,211.157859
-6.0200005,207,211.212954
1.910018,379,211.23048
32.489952,333,211.271535
-5.109991,187,211.338646
-6.0200005,207,211.405266
-6.0200005,207,211.457842
-6.0200005,207,211.464353
-6.0200005,207,211.483381
12.080021,273,211.515431
12.080021,273,211.527441
-6.0200005,207,211.553986
32.40995,327,211.596052
2.4000175,167,211.625096
-6.0200005,207,211.631605
-1.9199898,135,211.655145
-6.0200005,207,211.680684
-6.0200005,207,211.744291
-6.0200005,207,211.804389
-6.0200005,207,211.821917
-1.9199898,135,211.859476
-6.0200005,207,211.930594
-6.0200005,207,211.998695
-2.809987,207,212.071814
-6.0200005,207,212.105419
-2.7999868,207,212.11994
-1.9199898,135,212.11994
-6.0200005,207,212.144011
-6.0200005,207,212.186073
-1.9199898,135,212.201811
-6.0200005,207,212.268926
12.840027,303,212.334033
-2.7999868,207,212.387115
12.080021,273,212.406156
12.080021,273,212.428695
-6.0200005,207,212.446226
-1.9199898,135,212.470766
-2.809987,207,212.523362
2.0500212,331,212.571843
-6.0200005,207,212.595392
-6.0200005,207,212.696082
-6.0200005,207,212.710603
-6.0200005,207,212.710603
-6.0200005,207,212.739156
-6.0200005,207,212.846343
-2.7699862,207,212.90995
12.080021,273,212.952012
12.99003,273,212.967529
-6.0200005,207,212.974042
-2.7999868,207,212.994069
-2.7999868,207,213.017605
-2.7799864,207,213.050665
-6.0200005,207,213.106077
-2.7899866,207,213.16318
-6.0200005,207,213.289573
-6.0200005,207,213.317617
-1.9399903,133,213.349673
-1.9399903,133,213.359337
-6.0200005,207,213.436457
2.8100271,379,213.507578
6.720024,199,213.521596
-2.7899866,207,213.576191
-6.0200005,207,213.597732
12.000019,323,213.61526
1.910018,379,213.663327
-6.0200005,207,213.69353
12.080021,273,213.702047
-6.0200005,207,213.750181
-6.1400003,113,213.768716
2.0600214,383,213.804272
-6.0200005,207,213.884434
-6.0200005,207,213.91348
-6.0200005,207,213.945529
33.039955,335,214.004129
-6.0200005,207,214.107395
-6.0200005,207,214.233475
2.0800219,339,214.293575
-1.9199898,135,214.305097
-1.8799772,207,214.316116
-2.759986,207,214.367676
32.489952,333,214.443288
12.99003,273,214.45531
-6.0200005,207,214.45531
-2.7299852,207,214.481858
12.880028,331,214.509906
13.450029,323,214.524426
32.489952,333,214.545752
-2.7499857,207,214.581833
13.780037,343,214.667297
-1.9199898,135,214.701692
0.110025406,331,214.701692
-2.089982,207,214.711705
-2.299987,147,214.748767
-2.759989,151,214.771796
-1.9199898,135,214.77981
-1.8999894,137,214.868951
-4.4099894,149,214.893484
-2.7399855,207,215.106307
-4.2799892,209,215.128852
3.0000315,247,215.163417
-2.7999868,207,215.16993
-1.9399903,133,215.227918
-2.679984,207,215.247537
-6.0200005,207,215.284592
-6.0200005,207,215.284592
-2.589982,207,215.292099
2.3600283,371,215.309129
13.950029,277,215.315638
-6.0200005,207,215.34168
-2.759986,207,215.367718
12.120022,305,215.381741
0.14002301,223,215.417306
-5.559995,121,215.652085
12.080021,273,215.683645
-6.0200005,207,215.735244
-1.9199898,135,215.746257
-0.079981804,207,215.766294
-3.799987,147,215.808863
-4.4099894,151,215.828901
-1.3599768,223,215.84629
-1.9299784,207,215.913431
1.5000312,227,215.925247
-1.3299761,207,215.938766
1.0000198,177,215.948388
1.390029,225,215.980932
1.3700285,223,215.999966
-0.059981346,177,216.199931
0.99001884,193,216.223463
33.959953,335,216.246497
1.9798279e-05,177,216.259151
1.4000175,167,216.289203
2.6600235,193,216.320746
-1.5599813,177,216.343275
1.5000198,177,216.359797
-2.1599872,161,216.404373
-1.7599862,151,216.41188
1.0000198,177,216.436426
3.8800287,445,216.492021
-0.37997723,225,216.582163
1.2200248,231,216.590175
-5.619995,115,216.597183
1.2100248,321,216.673302
1.5000198,177,216.71737
0.9900198,177,216.738906
0.9800174,177,216.764536
13.570021,285,216.806599
0.5000131,177,216.835641
0.92001796,169,216.844655
-0.069981575,177,216.857175
1.8200157,159,216.88923
-0.12998295,177,216.91326
-0.09998226,177,216.920771
-6.1400003,113,216.930785
-2.2299852,177,217.000888
-5.639995,113,217.061989
-5.1499925,177,217.093533
-5.639995,113,217.158139
-2.0899863,177,217.17667
-0.9799826,179,217.226346
16.070032,339,217.259892
-0.49998116,177,217.301967
2.1600235,193,217.308978
-0.059981346,177,217.33802
-0.02998066,177,217.38811
2.0000188,177,217.410146
-0.079981804,177,217.422159
-0.11998272,177,217.428167
3.3400276,295,217.442185
1.8200157,159,217.545851
1.9798279e-05,177,217.567892
-0.11998272,177,217.659082
-0.10998249,177,217.675565
0.9500189,177,217.726659
-1.0399828,177,217.758794
-0.11998272,177,217.80637
0.4600191,177,217.836426
1.3400161,161,217.845442
1.8200157,159,217.863462
6.300024,375,217.913542
-0.02998066,177,217.920635
0.94001865,177,217.937657
-3.2799895,149,218.088272
0.9500189,197,218.088272
-1.9199898,135,218.103286
16.850039,297,218.142501
0.28002644,223,218.185594
14.9800415,427,218.200118
0.120022774,193,218.208126
36.539974,295,218.252245
-1.9399903,133,218.297837
-1.9199898,135,218.30435
-0.10998249,177,218.321872
1.0000198,177,218.351919
1.0600212,183,218.38998
1.260026,223,218.410008
0.5600214,187,218.474602
1.3200274,233,218.517664
-1.9199898,135,218.595793
-1.9999812,177,218.653382
1.9798279e-05,177,218.69445
1.5000198,177,218.71348
1.3400278,225,218.741036
1.2300253,225,218.756563
-0.069981575,177,218.764579
1.390029,233,218.776601
3.1200225,189,218.839204
1.5900221,193,218.855734
-1.9199898,135,218.855734
1.130023,199,218.889291
2.140023,191,218.898304
-0.90997815,209,218.98094
-5.639995,113,219.035819
1.3600283,225,219.037322
-1.9199898,135,219.08009
-6.0200005,207,219.095619
2.0000198,177,219.159221
3.7100248,215,219.20028
-2.1599839,161,219.221309
-1.9199898,135,219.234825
0.9800155,177,219.265369
-1.9199898,135,219.274383
0.6000221,187,219.291912
-3.7599862,151,219.317954
1.9798279e-05,177,219.346499
-0.03998089,177,219.362019
3.6600237,225,219.394569
-0.09998226,177,219.482205
-1.6499853,177,219.539896
-0.02998066,177,219.539896
0.5000198,177,219.593483
-1.6599846,177,219.654577
2.0000198,177,219.697654
0.9200151,169,219.705669
-0.02998066,177,219.722191
-0.03998089,177,219.762256
-0.079981804,177,219.773775
0.94001865,177,219.792306
-0.01998043,177,219.814843
1.0000198,177,219.843394
-0.12998295,177,219.858912
0.5000198,177,219.89196
-0.10998249,177,219.977703
1.8400161,161,219.998243
-0.10998249,177,220.040366
1.8200157,159,220.048381
-5.4499907,143,220.073414
-6.0300007,143,220.132011
1.3400161,161,220.163573
-2.8199875,145,220.206655
76.49014,399,220.22669
-1.6499853,177,220.281265
-4.89999,197,220.289067
-0.059981346,177,220.295571
1.0000198,177,220.341304
-5.599995,117,220.35833
-0.069981575,177,220.385877
-5.639995,113,220.499097
-0.11998272,177,220.499097
1.8400161,161,220.549269
-1.6599855,177,220.570299
-0.12998295,177,220.581314
-0.01998066,175,220.64742
1.9798279e-05,177,220.71452
-0.08998203,177,220.733546
2.3400161,161,220.747571
-0.079981804,177,220.790144
1.4900198,177,220.831205
0.9000175,167,220.849233
-5.639995,113,220.867755
36.969963,367,220.93937
-0.11998272,177,220.993447
-0.11998272,177,220.993447
37.029877,405,220.999956
1.5000198,177,221.05805
-0.09998226,177,221.067564
-1.6499853,177,221.136675
-0.12998295,177,221.218304
1.8600166,163,221.283909
-4.6499863,221,221.319526
-6.0300007,177,221.342048
14.630022,383,221.351059
15.870028,363,221.362076
-6.01,143,221.39458
-1.949981,245,221.50126
-6.0300007,177,221.544824
75.18008,367,221.775697
35.019955,393,221.806746
11.23003,303,221.866848
-2.5599852,203,221.894561
11.440029,335,221.902069
-3.1099877,195,221.920105
0.97002983,343,221.934624
-4.819994,147,221.951157
-3.1399887,165,221.960173
-5.349991,223,221.978199
11.720036,295,222.041367
0.7600241,285,222.134506
12.120033,457,222.196592
13.780037,387,222.207608
11.620033,363,222.293745
-6.0300007,143,222.316782
-6.0300007,177,222.324795
-2.979988,195,222.349333
-5.3599944,143,222.368353
-6.0300007,177,222.395975
2.500017,177,222.443552
0.960022,411,222.479115
3.6200216,191,222.518176
-2.5099812,213,222.518176
-3.3999772,223,222.586791
-6.0300007,177,222.636883
-4.8699884,221,222.664928
12.380028,303,222.778112
-5.389991,177,222.814678
-4.6199827,223,222.834707
-6.0300007,177,222.886787
7.3200264,209,222.8938
-5.189993,177,222.942377
-4.6899843,223,222.961916
-5.4499907,223,222.982441
-3.2299876,213,223.072088
-4.8099875,223,223.142221
2.0000198,177,223.164755
12.290026,343,223.178274
-6.0300007,143,223.197803
-5.619995,115,223.22586
-2.6099825,213,223.253917
-6.0300007,177,223.332546
-6.0300007,177,223.400153
4.6000338,327,223.44221
0.5000198,177,223.450224
-0.12998295,175,223.465743
-2.7799864,177,223.494788
2.890029,319,223.505804
-5.279995,177,223.588435
0.23002243,451,223.645037
-2.7999868,177,223.654052
13.590033,295,223.684716
1.4000175,169,223.730297
-6.0300007,143,223.740314
-4.5599813,223,223.813774
-3.4699805,223,223.856569
-6.0300007,177,223.941374
-4.1499834,177,223.948383
-6.0300007,177,223.984948
-5.619995,115,224.049541
-3.0799713,331,224.102628
-6.1600003,111,224.121155
-2.879986,197,224.138501
1.920016,169,224.159034
-4.7899866,185,224.17856
13.230036,369,224.242174
2.7400255,311,224.280233
-5.359991,225,224.286743
3.5100317,293,224.295758
-2.7899866,177,224.359868
-6.0300007,143,224.359868
13.250036,305,224.36587
-5.639995,113,224.382399
-1.8799889,141,224.550178
-4.86999,223,224.574734
-5.9900002,143,224.58124
-5.639995,113,224.610284
1.0700207,189,224.644839
1.870017,339,224.696955
-2.809987,177,224.742522
-4.90999,223,224.759096
-5.3399954,145,224.774115
-5.459991,223,224.786135
-2.7999868,177,224.798152
-0.079981804,177,224.804668
-2.809987,177,224.875797
-6.0300007,143,224.979473
33.649956,353,225.006016
2.0400198,181,225.137719
-0.059981346,177,225.164798
1.140023,193,225.186836
-2.2099848,177,225.20587
-1.9999802,177,225.252447
-0.079982035,169,225.282519
1.9798279e-05,177,225.330299
-0.02998066,177,225.348326
-2.7999868,177,225.355842
-4.87999,327,225.364869
-2.1599836,177,225.373887
1.9798279e-05,177,225.3814
12.290026,343,225.434981
-0.08998203,177,225.452507
0.9000175,167,225.546189
-2.7999868,177,225.554701
-4.4099894,151,225.625804
1.9798279e-05,177,225.676161
0.9000175,167,225.690682
-5.639995,113,225.751875
-0.11998272,177,225.787929
-1.2399857,153,225.811355
-0.09998226,177,225.82037
0.5000198,177,225.855938
-0.11998272,177,225.872468
1.9798279e-05,177,225.880481
-6.0300007,177,225.8915
-2.1399832,177,225.899513
-0.03998089,177,225.968618
-0.12998295,177,226.07678
13.12002,301,226.107837
-0.13998318,193,226.122418
-0.079982035,169,226.135948
-0.01998043,177,226.209553
1.9798279e-05,177,226.221574
0.5000198,177,226.282687
-1.6599846,177,226.316736
1.9798279e-05,177,226.343786
1.8200157,159,226.350296
-0.079981804,189,226.380713
-0.11998272,177,226.398239
1.9798279e-05,177,226.412261
-0.109983444,177,226.420274
0.59002185,193,226.54267
-5.639995,113,226.554194
-0.10998249,177,226.609284
0.9000175,167,226.635826
1.9798279e-05,177,226.64684
-1.079982,169,226.723933
1.6400213,205,226.735161
1.789093e-05,177,226.806779
16.50003,323,226.820311
1.9798279e-05,177,226.849358
-0.11998272,177,226.872392
1.9798279e-05,177,226.880407
-0.11998272,177,226.923971
1.9798279e-05,177,226.938497
-0.059981346,177,226.946008
1.8200157,159,227.007116
0.42001796,169,227.042674
-2.2499857,177,227.115806
-0.08998203,177,227.139345
-5.619995,115,227.139345
-1.339989,143,227.269311
0.5000179,177,227.332414
-0.079981804,193,227.352449
-2.2399855,177,227.362971
-0.02998066,177,227.408152
-0.079981804,177,227.422675
3.670024,365,227.429686
-0.079981804,177,227.429686
-0.12998295,177,227.5048
-1.9199908,135,227.523831
-2.2499857,177,227.546872
2.4400177,293,227.565907
-6.1000004,117,227.619564
-0.10998249,177,227.628072
34.989952,361,227.677031
-5.619995,115,227.686047
-5.639995,113,227.706074
-5.639995,113,227.765168
-5.4499907,143,227.782689
-5.619995,115,227.840336
1.9000177,409,227.898419
-0.09998226,177,227.933978
-0.079981804,177,227.946001
2.6600235,193,227.99258
-5.639995,113,228.002593
-1.7399857,153,228.009604
-0.079981804,177,228.041666
-0.11998272,177,228.063193
-4.89999,327,228.090509
1.9798279e-05,177,228.139589
-2.6099825,177,228.149154
-0.03998089,177,228.208383
1.9798279e-05,177,228.232732
1.8200157,159,228.24826
0.44001842,171,228.29631
-0.11998272,177,228.364068
1.9798279e-05,177,228.422652
-0.09998226,177,228.454196
-0.12998295,177,228.469721
-0.069981575,177,228.515298
-1.6599855,177,228.527815
-1.6899853,177,228.535325
-5.4499907,143,228.561863
-0.08998299,177,228.605268
1.0000181,193,228.611774
0.99001884,189,228.689393
-3.9699807,223,228.712597
-2.2099848,177,228.719607
-5.639995,113,228.752656
-1.8199894,145,228.784203
-5.639995,113,228.847818
-5.639995,113,228.852825
-0.12998295,177,228.968529
0.5800314,253,229.006088
-0.069981575,177,229.020608
-1.6399851,177,229.05417
-0.12998295,177,229.098239
1.3400161,161,229.158683
35.709957,327,229.16619
1.9798279e-05,177,229.191725
1.5000198,177,229.212754
-0.009980202,177,229.250819
-2.6999846,177,229.278862
-0.079981804,177,229.340446
-6.0300007,143,229.370494
2.2200239,199,229.402535
16.550032,291,229.420566
36.959873,427,229.43509
-0.079981804,177,229.510703
1.6200225,189,229.536237
1.9798279e-05,177,229.548754
4.44003,395,229.574296
-0.12998295,177,229.60084
-0.02998066,177,229.656919
-5.619995,115,229.695213
1.9798279e-05,177,229.709733
-0.009980202,177,229.744288
3.7200248,199,229.828435
-5.619995,115,229.866994
2.0000198,177,229.899598
1.0000198,177,229.918627
1.350028,225,229.968709
0.50002,193,229.97522
-5.619995,115,230.016413
-5.639995,113,230.056987
-0.08998203,177,230.090544
1.3400161,161,230.109574
16.420029,335,230.130722
-5.639995,113,230.152753
-0.11998272,177,230.202806
16.580032,291,230.318743
-1.7099857,177,230.360808
-0.11998272,177,230.392859
36.80996,311,230.408882
-2.7999868,177,230.416394
1.3600166,163,230.434423
-1.6499844,177,230.475978
2.220025,473,230.499514
1.8200157,159,230.518039
-1.5899839,177,230.528554
1.3400161,161,230.560606
8.220034,353,230.578624
1.8200157,159,230.591645
-0.11998272,177,230.626199
-0.11998272,177,230.707955
-5.639995,113,230.742513
1.8400161,161,230.790583
-1.679985,177,230.892755
-4.9299903,177,230.908776
-1.7599862,151,230.9228
-0.12998295,177,230.938333
1.6937256e-05,177,230.977395
-2.2199848,155,231.014453
-1.6899853,177,231.022966
1.0000198,177,231.054013
1.9798279e-05,177,231.072045
35.589954,329,231.089574
1.0600212,183,231.132639
1.3100271,225,231.154209
3.8400278,277,231.164226
1.3600166,163,231.208795
-0.11998272,177,231.219807
-0.10998249,177,231.297432
-5.639995,113,231.37109
0.9000175,167,231.392624
-0.11998272,177,231.411653
-0.049981117,177,231.432687
-0.11998272,177,231.448218
-5.619995,115,231.471271
0.9600191,177,231.498301
-0.09998226,177,231.542871
-0.009980202,177,231.591945
-0.03998089,177,231.609972
-0.069981575,177,231.676078
1.3600166,163,231.698612
-0.10998249,177,231.738677
-5.639995,113,231.74719
-5.619995,115,231.817323
-2.7999868,177,231.834354
1.8400161,161,231.870442
-5.4499907,143,231.88646
-2.9599912,131,231.896481
2.990018,301,231.921018
-0.11998272,177,231.956068
-0.11998272,177,231.979687
-1.9199908,135,232.004225
-0.11998272,177,232.070342
0.6000211,187,232.234093
-6.0300007,143,232.234093
2.500018,177,232.248613
-6.0300007,143,232.272171
-6.0300007,143,232.315229
75.18008,397,232.336255
1.920018,169,232.382855
-4.019981,223,232.39087
-6.0300007,177,232.461982
-4.1099834,223,232.469513
-6.0300007,177,232.512073
-4.90999,223,232.531606
3.0500212,331,232.579982
75.210075,395,232.801827
-5.1199913,179,232.819854
12.370028,303,232.826363
-4.509986,217,232.856417
-3.449979,215,232.867433
-1.69998,207,232.867433
-2.8199792,213,232.92804
-6.0300007,177,232.956578
6.8200264,209,232.976103
21.660034,349,233.057254
-2.919979,213,233.069777
-1.859977,221,233.128871
-2.5699816,213,233.176451
-6.0300007,143,233.225318
74.10009,375,233.310034
6.800026,209,233.418209
1.0600262,375,233.435241
8.400028,217,233.477296
21.650034,341,233.486309
-2.979988,195,233.526376
9.040031,231,233.607508
-5.199993,177,233.708491
6.8200264,209,233.750067
2.0200202,179,233.80165
1.870017,337,233.80165
21.850039,353,233.818676
-4.8599906,143,233.841728
0.6900177,337,233.891809
12.290026,367,233.911835
11.460037,325,233.980943
0.80002594,339,234.027524
-5.439991,223,234.110661
-5.289995,177,234.110661
-5.6799955,109,234.135196
1.4800193,175,234.254647
12.270025,283,234.284186
-6.0300007,143,234.291696
-5.459991,143,234.316233
2.5400198,181,234.335267
15.140045,291,234.358802
-5.4899907,223,234.368313
0.6100168,331,234.377335
20.180058,475,234.480712
0.9600189,175,234.486215
-5.189993,177,234.537305
-5.2999945,149,234.548826
-4.839988,143,234.671061
2.9800196,301,234.703114
-3.1099718,223,234.750178
-4.8999887,143,234.767198
9.560036,333,234.773205
-4.5699816,223,234.787222
-5.639995,113,234.812763
-5.1299915,177,234.847317
7.8200264,209,234.917421
-2.469983,203,234.954498
-6.1400003,115,235.035636
-4.6299863,187,235.069183
3.3000257,207,235.080197
-1.769975,213,235.150911
-4.8599877,143,235.167441
12.390028,305,235.177454
-6.0300007,143,235.188468
-5.1199913,177,235.198482
-5.4499907,143,235.264649
-5.1199913,177,235.293185
31.209957,347,235.305707
-4.179985,211,235.394337
-4.93999,177,235.434401
-5.229991,223,235.454431
1.880017,167,235.52206
-5.4699907,223,235.592175
-5.2199936,185,235.614716
26.299984,441,235.631746
1.3400161,161,235.652781
-2.4899797,203,235.6663
-2.7899866,177,235.687333
-5.1199913,177,235.698852
-0.079981804,177,235.706363
-5.4499907,143,235.8086
-4.0999823,197,235.852171
-5.399991,147,235.858182
-3.3799784,217,235.886725
-4.85999,143,235.937317
-3.8299875,177,235.966376
-6.0600004,121,235.987414
13.520031,299,236.029055
-5.4999957,127,236.064492
13.370028,297,236.15463
12.020042,279,236.39102
-4.789987,201,236.408541
1.3800287,297,236.431723
-4.92999,201,236.442236
10.850027,311,236.548917
12.220034,329,236.576459
0.92001724,281,236.592981
-4.149984,201,236.619025
1.2300253,341,236.652077
0.26001453,255,236.652077
-1.2099848,235,236.680125
3.0400314,367,236.702163
0.8800163,345,236.817346
-4.92999,201,236.984714
-5.459991,203,237.002236
12.890039,399,237.061834
-5.429991,143,237.08537
2.1600225,193,237.091876
3.1000319,351,237.120918
74.14019,427,237.16551
-1.9299815,209,237.177522
12.790037,287,237.220995
10.700035,247,237.299115
-0.73997784,229,237.312137
0.33001614,327,237.320148
10.940029,333,237.495534
0.6000223,325,237.540098
-1.9199908,135,237.540098
11.900028,327,237.549109
-1.5799818,177,237.580662
-4.5599813,223,237.614705
-5.639995,113,237.624721
0.010020256,193,237.631234
3.8000267,207,237.654773
0.9000175,167,237.688325
1.9798279e-05,177,237.792015
-0.11998272,177,237.806536
2.0100203,319,237.893173
-4.3899894,151,237.964772
1.0000169,177,237.990318
1.9798279e-05,177,238.032891
1.9798279e-05,177,238.032891
1.9798279e-05,177,238.069209
1.9798279e-05,177,238.101281
0.9000175,167,238.106792
13.450027,357,238.113305
-0.03998089,177,238.122319
1.9798279e-05,177,238.128329
-5.619995,115,238.145863
0.98001957,177,238.194429
0.9000175,167,238.272043
34.11997,397,238.289072
-0.08998203,177,238.393232
-1.6699858,177,238.468358
1.8400161,161,238.492899
-1.6499853,177,238.492899
-0.12998295,177,238.538986
1.3400161,161,238.570036
-2.2499857,177,238.57705
0.92001796,169,238.594567
1.9798279e-05,177,238.611095
-0.069981575,177,238.620106
-0.09998226,177,238.625613
-0.08998203,177,238.640133
3.0000198,177,238.684741
-2.7999868,177,238.764865
-0.11998272,177,238.781394
1.9798279e-05,177,238.892088
-0.009980202,177,238.989166
-0.059981346,177,238.989166
-2.7899866,177,239.034756
1.9798279e-05,177,239.065814
-0.03998089,177,239.074827
0.42001796,169,239.084864
-0.069981575,177,239.098381
-0.049981117,177,239.116914
-2.7499857,177,239.134436
2.6600235,193,239.167493
-0.08998203,177,239.184528
-1.6599846,177,239.267673
-0.11998272,177,239.284697
6.790037,889,239.315745
-0.069981575,177,239.394748
-0.049981117,177,239.491204
1.9798279e-05,177,239.491204
-5.619995,115,239.497714
15.070032,371,239.525877
1.9798279e-05,177,239.55041
-1.6399841,177,239.589987
-0.01998043,177,239.5975
0.9000175,167,239.605513
-1.6999855,177,239.615527
-0.09998226,177,239.626547
-0.10998249,177,239.660097
1.9798279e-05,177,239.696677
1.3400161,161,239.770092
-2.7699862,177,239.801151
-0.069981575,173,239.833193
-5.619995,115,239.861238
-0.10998249,177,239.928878
-6.0300007,143,239.96343
-1.6199846,177,240.032142
-5.4499907,143,240.063187
0.47001934,193,240.07771
1.3600166,163,240.083218
-1.6199846,177,240.114763
-1.6999855,177,240.122276
-0.12998295,177,240.135798
-5.639995,113,240.166852
-0.099983215,193,240.194894
1.9798279e-05,177,240.214944
0.5000198,177,240.280051
-0.01998043,177,240.310098
1.8200157,159,240.323114
-5.619995,115,240.404761
-0.10998249,177,240.533421
-4.4099894,151,240.550447
-2.2499857,177,240.579995
-2.7299852,177,240.585503
1.0000198,177,240.620064
-1.6499853,177,240.627572
0.9000175,167,240.639088
0.46001887,173,240.681659
33.25996,385,240.681659
-0.059981346,177,240.717722
4.390029,279,240.765798
-0.11998272,177,240.787826
-5.619995,115,240.883996
15.590033,373,240.984639
1.3400161,161,240.993151
-0.12998295,177,241.104827
1.8400161,161,241.118845
1.0300188,193,241.125874
-0.12998295,177,241.125874
14.700024,301,241.158927
14.630022,339,241.253084
-0.11998272,173,241.354824
-4.2099857,223,241.374857
3.4100285,285,241.415923
15.060032,303,241.43345
35.009953,395,241.500061
35.06997,303,241.542117
3.0000181,315,241.549128
-2.7999868,177,241.610235
-5.619995,115,241.671301
4.380028,215,241.701347
-5.639995,113,241.723392
3.3100252,213,241.750433
12.2800255,281,241.778975
14.700024,301,241.826877
-2.6799753,213,241.852412
-4.8599877,143,241.905003
14.600021,421,241.950093
0.08002163,187,242.125587
-4.779986,177,242.186684
1.6200206,191,242.264807
-0.83998895,143,242.283839
0.930027,317,242.301364
-5.3599935,143,242.330418
1.8800173,441,242.34344
-4.809989,223,242.387007
2.5100193,313,242.413559
12.470041,413,242.514727
11.210033,353,242.521237
10.350025,309,242.536757
28.319984,519,242.561608
2.0300207,303,242.574622
12.270025,281,242.605781
-1.9199908,135,242.685841
6.8200264,209,242.714641
-2.6199834,165,242.741206
1.870017,339,242.793295
-4.5599813,223,242.825874
-1.9999802,177,242.84194
-5.279991,223,242.922263
-4.0399823,223,242.97586
-1.6899741,213,243.017919
-2.6399844,165,243.068993
1.9200182,285,243.192444
0.6100197,327,243.422222
9.780037,255,243.514879
3.6000338,351,243.527904
0.83002186,367,243.548931
1.3700275,317,243.589
-0.639972,213,243.645084
1.5600214,351,243.658604
11.830038,423,243.694657
1.2900257,283,243.749049
0.8500166,337,243.840422
24.799994,387,243.85494
0.5900202,411,243.973212
0.62001514,509,243.990237
0.8800163,361,244.019283
-1.5399847,177,244.037812
11.180033,307,244.052334
-4.6699834,201,244.099398
-4.7699895,201,244.219597
1.8800173,305,244.282703
10.730022,273,244.350308
36.27991,591,244.378846
-5.4899907,203,244.427927
0.3700142,339,244.498051
2.3700285,347,244.62225
10.850025,317,244.726155
0.49001884,277,244.750691
0.5000191,287,244.770726
0.42001438,305,244.87239
0.35001564,409,244.89042
0.38001633,317,244.96503
0.26001453,255,244.987063
-1.7499857,207,245.003585
10.870028,369,245.040648
32.969963,505,245.102252
3.8600283,397,245.140308
0.38001537,345,245.17487
10.830027,311,245.222457
10.720024,307,245.34516
0.27001476,255,245.432304
-1.6699858,207,245.445826
0.5900192,409,245.508919
10.890024,331,245.539559
-5.4899907,201,245.557087
0.28001404,255,245.596156
10.700024,307,245.623605
-5.4899907,201,245.66517
0.83001614,339,245.697219
1.8300276,235,245.860494
10.610022,267,245.90356
0.54002,317,245.915089
11.080032,347,245.952663
-1.7499857,181,245.963685
-1.6999846,181,246.033668
-0.009980202,359,246.14686
0.27001476,255,246.161381
33.509964,433,246.185143
-5.4899907,201,246.236238
-4.93999,201,246.268793
0.26001453,257,246.282309
0.8200159,327,246.282309
0.26001453,267,246.323697
0.2500143,255,246.331709
0.2500143,253,246.352738
-5.4899907,201,246.491955
-4.91999,201,246.530189
0.27001476,269,246.630543
-4.8699884,201,246.708177
-5.4499907,201,246.723702
11.200024,297,246.753745
0.29001427,269,246.78379
-5.4899907,201,246.828863
-4.5799813,201,246.840045
-4.609982,201,246.840045
0.8900175,327,246.883607
-4.93999,201,246.890119
1.1200228,293,247.003809
-4.0399814,199,247.046883
0.2500143,255,247.054898
-5.4899907,201,247.090975
0.84001637,337,247.17261
-5.4899907,201,247.198162
32.439964,335,247.252748
-1.679985,207,247.300842
-5.4899907,201,247.391999
-3.1499844,201,247.400455
-5.4899907,201,247.400455
0.27001476,255,247.42901
-5.4899907,201,247.450547
0.26001453,255,247.476084
0.24001408,267,247.661874
-1.6599855,215,247.693973
10.740025,313,247.702482
0.2500143,255,247.760566
-5.4899907,201,247.801856
-3.9299781,209,247.807362
0.48001862,275,247.861435
-1.7299852,181,248.006953
-1.719985,207,248.013459
-5.4899907,201,248.029489
0.280015,269,248.049527
-4.249987,201,248.05954
10.710024,273,248.201776
0.34001637,421,248.298963
0.38001537,345,248.304973
-5.4899907,201,248.357046
32.97992,361,248.431702
-5.4899907,201,248.552934
10.740025,335,248.577969
-5.4899907,201,248.588984
0.38001537,357,248.720403
12.700035,381,248.736417
10.760023,383,248.742927
10.710024,273,248.757946
11.880026,349,248.757946
10.760023,361,248.839479
-5.4899907,201,248.845992
-1.7299852,205,248.908081
12.99004,331,248.928106
-5.4899907,201,248.979197
10.730024,275,249.043804
-4.7599854,205,249.11636
4.37004,433,249.209512
-5.4899907,201,249.287119
-1.6899853,181,249.319663
0.3400154,421,249.33068
0.5600214,297,249.383758
0.26001453,257,249.429869
0.26001453,255,249.443824
-5.4899907,201,249.471575
0.63002205,339,249.513632
-1.7499857,207,249.538168
0.24001408,267,249.573721
0.62002087,335,249.649829
-4.92999,201,249.764994
0.2500143,267,249.771503
0.26001453,267,249.847097
-5.4899907,201,249.853606
12.850027,347,249.859614
-4.9299903,201,249.896176
0.3400154,421,249.902683
-1.7299852,207,249.915205
-5.4899907,201,249.958397
-1.089982,223,250.063973
-1.7399855,207,250.089514
-0.12998295,235,250.096533
-1.1699839,235,250.135091
-5.4899907,201,250.143605
-0.64998436,235,250.20271
-5.4899907,201,250.219242
-5.4899907,201,250.332938
-5.4899907,201,250.342951
-4.93999,201,250.411559
-5.4899907,201,250.422575
-5.4899907,201,250.457134
-1.7499857,207,250.485174
-5.4899907,201,250.51372
-4.93999,201,250.622924
-4.93999,201,250.645453
-5.4899907,201,250.652963
-5.4899907,201,250.687511
-5.4899907,201,250.696529
0.8200159,305,250.713554
-5.4899907,201,250.759632
0.8200159,327,250.811708
-1.2099848,235,250.859779
-5.4899907,201,250.89433
-1.7499857,207,250.911854
-5.4899907,201,250.97094
-1.7399855,207,250.996488
-1.7499857,207,251.034053
-1.7499857,207,251.088137
-1.7399855,207,251.19314
-3.8699884,201,251.201653
-5.4899907,201,251.210666
-4.3899894,201,251.242715
-5.4899907,201,251.251729
-1.7499857,207,251.323823
-0.10998249,235,251.355392
-1.7399855,207,251.456566
-1.5599813,215,251.495118
-1.1699848,235,251.507133
0.2500143,255,251.51715
-1.719985,207,251.547529
-5.4899907,201,251.638167
-0.079981804,235,251.643676
-0.64998436,235,251.681815
-4.92999,201,251.761638
-4.3899894,201,251.768147
-5.4899907,201,251.809211
2.6000223,481,251.822738
-1.1999846,235,251.862808
-3.8699884,201,251.897363
-1.0999823,235,251.912883
-5.4899907,201,251.933971
-1.7499857,207,252.057184
-5.4899907,201,252.089732
-5.4899907,201,252.119779
-1.1899853,235,252.171875
-0.12998295,235,252.181891
-4.3899894,201,252.219936
-0.13998318,235,252.309259
-0.60998344,235,252.34733
-1.0299816,217,252.380897
-5.4899907,201,252.393719
-0.079981804,235,252.471704
-0.49998093,207,252.48372
-0.08998203,235,252.523783
-0.10998249,235,252.556349
-0.11998272,235,252.588397
-4.92999,201,252.625386
-4.93999,201,252.741971
-1.1599846,235,252.748478
-0.10998249,235,252.778533
-0.12998295,361,252.794556
-1.7499857,207,252.803065
-0.11998272,235,252.837618
-4.93999,201,252.883704
-4.3899894,201,252.955333
-1.1899843,235,253.017269
-4.91999,201,253.049823
-0.64998436,235,253.065344
-0.009980202,207,253.085375
-1.7299852,207,253.119427
-0.11998272,235,253.227323
-1.1999846,235,253.259875
-0.13998318,235,253.294447
-1.6599836,207,253.340035
-1.719985,207,253.346547
-0.589983,235,253.451716
-5.4899907,201,253.459729
-0.08998203,235,253.472749
0.030020714,235,253.481764
-0.09998226,235,253.517486
-1.6699839,215,253.574064
0.010020256,217,253.666213
-1.1399841,207,253.666213
-0.08998203,235,253.689785
-1.719985,207,253.709318
-0.069981575,235,253.736363
-5.4899907,201,253.798449
-1.5699816,215,253.896336
-0.13998318,235,253.919867
-0.13998318,235,253.99649
-0.03998089,235,254.002996
-5.4899907,201,254.019461
-5.4899907,201,254.037277
-1.719985,207,254.050802
-1.7399855,207,254.068332
-0.09998226,209,254.10739
-4.93999,201,254.142953
-3.8699884,201,254.255634
-0.08998203,209,254.295217
-0.13998318,235,254.331779
-0.11998272,235,254.331779
-3.8699884,201,254.370836
-0.09998226,235,254.401881
-4.91999,201,254.494019
-0.12998295,235,254.563249
-1.1099834,207,254.586279
-0.12998295,209,254.623874
-1.1099834,207,254.642901
-0.13998318,235,254.672947
-1.1099825,207,254.688468
2.002716e-05,235,254.695479
-0.13998318,235,254.722021
-0.10998249,235,254.807659
-1.6999846,207,254.846728
-1.6899843,215,254.907319
-1.7399855,207,254.923846
-1.7299852,207,254.981926
-0.09998226,235,255.000966
-0.13998318,235,255.038536
-4.93999,201,255.13571
-5.4899907,201,255.16225
-0.11998272,235,255.16225
-3.8699884,201,255.216352
-5.4899907,201,255.259939
-0.11998272,209,255.276471
-0.11998272,235,255.307515
-0.12998295,235,255.365614
-1.1499844,235,255.391166
-1.1899853,235,255.486319
-0.12998295,235,255.527569
-1.7299852,207,255.58398
-4.3899894,201,255.58398
-0.5699825,235,255.592544
-1.0599823,235,255.610063
-5.4899907,201,255.6301
-4.9299903,201,255.725579
-5.4899907,201,255.751117
-1.7499857,207,255.771156
-4.91999,201,255.854174
-1.7499857,207,255.884229
-0.09998226,235,255.987421
-0.079981804,235,256.052063
-1.1899853,235,256.076607
-0.11998272,235,256.162006
-1.1699839,207,256.187544
-1.089983,235,256.211099
1.5800209,343,256.227622
-1.0599823,235,256.272884
-1.1899853,235,256.281908
-0.08998203,235,256.297893
-1.089983,235,256.316437
-4.91999,201,256.348672
-1.6099825,215,256.366701
-0.03998089,209,256.393238
-1.7499857,207,256.459349
-5.4899907,201,256.475372
-5.4899907,201,256.573039
-5.4899907,201,256.653195
-0.09998226,235,256.724287
-3.8699884,201,256.74782
-4.92999,201,256.769351
-0.12998295,209,256.823936
-1.719985,207,256.865394
-0.13998318,235,256.886426
-0.11998272,209,256.909959
-4.91999,201,256.919975
-1.0499811,235,256.955667
-4.3899894,201,256.963177
-0.08998203,235,256.976696
-0.12998295,235,257.035788
-1.1999846,235,257.123923
-0.12998295,235,257.138446
-1.7499857,207,257.167694
-5.4899907,201,257.231291
-3.8699884,201,257.2994
-0.069981575,235,257.410091
-1.179985,235,257.432122
-1.7499857,207,257.452155
-4.3899894,201,257.458659
-5.4899907,201,257.483198
-1.1899843,235,257.500748
0.040020943,207,257.515764
-5.4899907,201,257.538813
-1.7499857,207,257.554344
-1.1699848,207,257.627462
-0.12998295,235,257.643654
-4.90999,201,257.699234
-5.4899907,201,257.7398
-1.6199827,215,257.754326
-1.7499857,207,257.88334
-1.1799841,235,257.891352
-1.6899843,181,257.945476
-1.7299852,207,257.997565
-5.4899907,201,258.022117
-4.93999,201,258.043148
-5.4899907,201,258.061181
-5.4899907,201,258.076705
-5.4899907,201,258.110251
-1.7499857,207,258.121274
-1.1899853,235,258.131286
-5.4899907,201,258.193398
-0.10998249,235,258.294064
-4.93999,201,258.304076
-0.12998295,209,258.336629
-1.2099848,235,258.362168
-1.7499857,207,258.46665
-1.7299852,207,258.478673
-1.179985,181,258.550282
-5.4899907,201,258.567814
-5.4899907,201,258.592348
-1.719985,207,258.642433
-5.4899907,201,258.671486
-5.4899907,201,258.687501
-1.7499857,207,258.701524
-1.1899853,235,258.834162
-4.92999,201,258.851188
-4.93999,201,258.860204
-5.4899907,201,258.895752
0.8300152,339,258.904764
-5.4899907,201,258.92329
-5.4899907,201,259.027957
11.49003,345,259.039478
-5.4899907,201,259.145648
-5.4899907,201,259.202349
-5.4899907,201,259.266007
10.710024,275,259.291048
-1.7499857,207,259.31158
0.2500143,253,259.312583
10.710024,273,259.379505
0.2500143,253,259.442091
-5.4899907,201,259.452112
-1.7499857,207,259.520217
0.2500143,253,259.604862
-1.6299849,215,259.67047
0.24001408,267,259.676988
0.34001637,269,259.708037
0.28001404,255,259.777646
-1.7099857,181,259.788661
-1.7399855,207,259.844244
-5.4899907,201,259.862278
-1.6999855,207,259.882312
0.280015,257,259.91436
-5.4899907,201,259.9404
0.24001408,267,259.994484
0.33001423,397,260.013516
-1.7499857,207,260.104913
-1.1699839,235,260.11142
0.26001453,255,260.160369
-5.4899907,201,260.249825
-5.4899907,201,260.256877
-1.7399855,207,260.303964
0.2500143,253,260.332265
-5.4899907,201,260.366822
-5.4899907,201,260.424465
-1.6899853,181,260.43598
-5.4899907,201,260.446996
-1.1999846,235,260.473536
-5.4899907,201,260.564576
-5.4899907,201,260.583604
0.2500143,253,260.606634
-1.7499857,207,260.6897
-1.719985,207,260.696713
0.27001476,269,260.707724
-4.789986,201,260.857957
-1.7499857,207,260.928082
-5.4899907,201,260.974146
10.720024,273,261.00871
10.730024,275,261.014217
-5.4899907,201,261.015719
0.83001614,307,261.015719
0.2500143,253,261.032246
-5.4899907,201,261.115685
0.27001476,255,261.144234
0.040020715,213,261.171278
-5.4899907,201,261.24239
-5.4899907,201,261.261413
-1.7499857,207,261.284451
0.38001442,345,261.394621
-5.4899907,201,261.534211
0.280015,257,261.566767
-5.4899907,201,261.573272
-1.679985,207,261.592301
-1.6299858,215,261.615836
0.39001465,281,261.708988
0.2500143,253,261.720505
0.27001476,255,261.740532
-1.5799856,207,261.750545
0.34001637,421,261.774577
-5.4899907,201,261.81365
-5.4899907,201,261.835685
10.700024,273,261.90779
-5.4899907,201,261.949861
0.40001774,267,261.990251
0.39001656,345,262.072379
-5.4899907,201,262.143568
-5.4899907,201,262.162596
0.26001453,255,262.239711
-5.4899907,201,262.287783
10.730024,275,262.328844
-1.7499857,207,262.335175
-1.7499857,207,262.372233
0.280015,257,262.421297
0.24001408,267,262.454375
-5.4899907,201,262.454375
0.34001446,353,262.540518
10.730022,273,262.572571
0.8100157,303,262.572571
-5.4899907,201,262.624661
-5.4899907,201,262.693268
-5.4899907,201,262.714661
10.720024,273,262.734687
-5.4899907,201,262.798785
-5.4899907,201,262.846863
-5.4899907,201,262.897961
0.33001614,355,262.928119
-1.7499857,207,262.95597
-5.4899907,201,263.017069
0.41001797,281,263.110456
-5.4899907,201,263.140011
-1.7499857,207,263.159041
0.27001476,255,263.17311
-5.4899907,201,263.201658
-1.7499857,181,263.220255
0.8100157,303,263.275831
-5.4899907,201,263.295916
0.29001427,269,263.311438
-5.4899907,201,263.321453
-5.4899907,201,263.473406
-4.91999,201,263.511478
-1.2099848,235,263.534512
-1.7499857,207,263.56455
0.27001476,269,263.591604
-5.4899907,201,263.619145
-1.719985,181,263.717822
-5.4899907,201,263.729836
-5.4899907,201,263.774421
-1.7499857,207,263.774421
-1.7499857,207,263.819989
-1.7499857,207,263.894699
-5.4899907,201,263.894699
-5.4899907,201,263.913726
-0.6299839,235,263.920741
-1.7499857,207,263.934767
-1.7499857,207,264.0807
-1.7499857,207,264.133349
-4.91999,201,264.142365
0.26001453,255,264.247019
-0.12998295,235,264.260541
-1.7499857,181,264.279067
-5.4899907,201,264.289088
-1.2099848,235,264.289088
-5.4899907,201,264.300603
-5.4899907,201,264.347169
-5.4899907,201,264.394551
-5.4899907,201,264.468176
-5.4899907,201,264.488204
-1.1699848,207,264.488204
-5.4899907,201,264.504727
-1.1999846,235,264.583347
-4.92999,201,264.655964
-4.91999,201,264.710552
-1.1999846,235,264.796053
-4.92999,201,264.818089
-5.4899907,201,264.831607
-4.90999,201,264.851636
-5.4899907,201,264.864655
-1.7399855,207,264.883684
-4.93999,201,264.916238
-4.91999,201,264.968324
-0.10998249,235,264.974832
-1.7499857,207,265.055957
-5.4899907,201,265.055957
-1.7499857,207,265.073483
-1.7499857,207,265.09051
-4.93999,201,265.156123
-1.7499857,207,265.243748
-5.4899907,201,265.281827
-4.93999,201,265.364471
-5.4899907,201,265.384501
-5.4899907,201,265.42256
-1.7499857,207,265.482854
-5.4899907,201,265.5179
-5.4899907,201,265.524407
0.2500143,253,265.544438
0.2500143,253,265.566988
-5.4899907,201,265.618076
-4.93999,201,265.618076
-5.4899907,201,265.640608
-5.4899907,201,265.658133
-5.4899907,201,265.807371
-1.7499857,207,265.862449
-5.4899907,201,265.937096
-5.4899907,201,265.963634
10.700024,307,266.02075
12.1300335,409,266.040778
-5.4899907,201,266.072831
-5.4899907,201,266.109902
-4.93999,201,266.115915
-5.4899907,201,266.23273
-5.4899907,201,266.251762
0.27001476,255,266.303847
0.2500143,255,266.324886
10.830023,311,266.344922
-1.7499857,207,266.479211
0.26001453,255,266.553848
-5.4899907,201,266.606931
0.33001423,355,266.640485
-5.4899907,201,266.652503
0.27001476,255,266.704593
0.24001408,267,266.721631
-1.4999857,217,266.733644
-1.7499857,181,266.808325
10.730024,275,266.837386
0.3500147,425,266.849907
0.29001522,269,266.888437
10.720024,273,267.006318
10.710024,275,267.030359
0.28001404,255,267.044884
-5.4899907,201,267.062923
0.27001476,269,267.118029
-1.7399855,207,267.166392
-5.439991,201,267.208961
-5.4899907,201,267.247024
-5.4899907,201,267.256037
-5.4899907,201,267.309118
-5.4899907,201,267.337162
-5.4899907,201,267.404573
-4.93999,201,267.436127
-1.7499857,207,267.463665
-5.4899907,201,267.484699
10.710024,273,267.528277
-1.7299852,181,267.570859
-1.6299839,215,267.686068
-5.4899907,201,267.694579
-5.4899907,201,267.743663
0.26001453,257,267.76285
-5.4899907,201,267.78489
-5.4899907,201,267.826493
-4.749985,203,267.827498
10.720024,273,267.847031
-1.7499857,207,267.903877
-5.4899907,201,267.986264
-0.64998436,235,268.012814
-1.7499857,207,268.034848
-1.7499857,207,268.064897
-5.4899907,201,268.071908
-1.7499857,207,268.127502
-5.4899907,201,268.151538
-5.4899907,201,268.267246
0.2500143,253,268.393952
-1.7499857,207,268.404969
-1.7399855,207,268.404969
0.2500143,253,268.452562
-1.2099848,235,268.496133
0.24001408,267,268.513161
0.24001408,267,268.537202
-1.7499857,181,268.566252
-4.93999,201,268.572762
-1.7499857,207,268.617344
-5.4899907,201,268.630865
-1.7499857,207,268.724015
0.31001568,267,268.736532
11.200024,297,268.745044
-5.4899907,201,268.840712
0.280015,257,268.854733
-1.7499857,181,268.980918
-5.4899907,201,268.980918
-5.4899907,201,268.992937
-1.7499857,207,269.098152
-5.4899907,201,269.119191
0.27001476,255,269.148252
-1.7499857,207,269.171795
-1.7499857,207,269.178303
-5.4899907,201,269.215372
-1.6599836,215,269.244923
-4.92999,201,269.311957
-1.1799841,235,269.411156
-5.4899907,201,269.421673
0.27001476,255,269.466248
0.31001568,357,269.538367
-4.92999,201,269.554892
-4.93999,201,269.563905
0.27001476,255,269.571682
-1.7499857,207,269.584697
-1.7499857,207,269.690353
-1.7499857,207,269.731922
-5.4899907,201,269.740432
-4.9299903,201,269.77499
-1.1699848,235,269.791011
-5.4899907,201,269.807535
-1.179985,235,269.838595
-5.4899907,201,269.879152
-5.4899907,201,269.980907
-1.1999846,235,270.085071
-5.4899907,201,270.111113
-5.4899907,201,270.140663
-1.6599836,215,270.177241
-1.179985,235,270.228533
0.24001408,267,270.235041
-4.91999,201,270.268595
-5.4899907,201,270.310948
-5.4899907,201,270.321961
-5.4899907,201,270.356514
-3.8699884,201,270.372039
-1.7299852,207,270.402094
11.200024,297,270.433146
-1.7499857,207,270.440652
-1.7499857,207,270.482717
-5.4899907,201,270.56835
-1.7299852,207,270.678528
-1.7499857,207,270.70206
-0.09998226,209,270.76617
-1.179985,235,270.804724
-1.7499857,207,270.815737
-5.4899907,201,270.833764
-5.4899907,201,270.876331
-1.7499857,207,270.901874
-1.7499857,207,270.934931
-1.719985,207,270.950957
-1.7499857,207,270.985008
-1.1699848,207,271.019574
-1.1899853,235,271.088676
-1.2099848,235,271.131742
1.5800219,343,271.198353
-0.63998413,235,271.226394
-0.11998272,209,271.352175
-1.1899843,235,271.404757
-1.7499857,207,271.416777
-1.7399855,207,271.467363
-1.089982,235,271.543113
-1.7499857,207,271.558639
-0.12998295,235,271.577678
-5.4899907,201,271.587693
-4.93999,201,271.661813
-1.1899853,235,271.730921
-5.4899907,201,271.744946
0.24001408,267,271.792028
-1.7499857,207,271.810551
11.200024,297,271.810551
-4.93999,201,271.888691
-0.10998249,235,271.959294
-1.1499844,235,272.054952
-5.4899907,201,272.070981
-0.5599823,235,272.114056
-0.13998318,235,272.125578
-1.7099848,207,272.166642
-4.90999,201,272.182181
-1.7499857,207,272.182181
-1.7499857,207,272.201219
-5.4899907,201,272.26083
-5.4899907,201,272.323522
-4.3899894,201,272.379606
-5.4899907,201,272.396633
-5.4899907,201,272.396633
-1.1799841,235,272.429674
-1.7499857,207,272.488265
-5.4899907,201,272.537369
-5.4899907,201,272.624689
-1.7299852,207,272.655236
-4.92999,201,272.736382
-0.11998272,209,272.751905
-1.7299852,207,272.760916
-1.1699848,207,272.779444
-1.1299839,235,272.790959
-0.13998318,235,272.801979
-1.7399855,207,272.905179
-0.12998295,235,272.922727
-4.93999,201,272.950261
-5.4899907,201,273.001848
-0.64998436,235,273.071036
-1.1999846,235,273.072041
-1.6499834,215,273.110597
-0.12998295,235,273.215155
-0.12998295,235,273.321417
-4.93999,201,273.338524
-1.2099848,235,273.356389
-5.4899907,201,273.379425
-1.1699848,207,273.389443
-1.7399855,207,273.409478
-0.63998413,235,273.464098
-0.63998413,235,273.495148
-5.4899907,201,273.514177
-5.4899907,201,273.556762
0.2500143,253,273.670949
-1.7399855,207,273.681967
-1.179985,235,273.765096
-4.93999,201,273.819693
0.8100147,303,273.897481
-5.4899907,201,273.931034
-1.7499857,207,273.941052
-5.4899907,201,273.952077
-1.7499857,207,274.009669
-5.4899907,201,274.052137
-5.4899907,201,274.088691
-1.7499857,207,274.128549
0.28001404,255,274.139563
-4.92999,201,274.272313
1.3600159,267,274.337405
32.609966,433,274.383284
10.620022,261,274.446413
2.6000223,375,274.478463
-5.4899907,201,274.523033
0.29001427,269,274.552083
-1.7399855,207,274.697837
10.660023,273,274.714362
0.2500143,253,274.731898
0.36001682,269,274.808652
-5.4899907,201,274.828673
0.38001537,357,274.950714
0.59001446,411,274.980772
0.8800173,335,275.016706
10.730024,275,275.090333
-5.4899907,201,275.096841
10.710024,273,275.137438
10.710024,273,275.222242
1.1200228,293,275.253301
3.8600283,481,275.260807
0.27001476,269,275.26982
0.33001423,415,275.295358
-1.7099857,207,275.312386
-1.7499857,207,275.390618
-5.4899907,201,275.395666
10.700024,273,275.468506
-5.399991,201,275.524597
-4.90999,201,275.553148
0.83001614,307,275.574106
-5.4899907,201,275.595138
-5.4899907,201,275.666816
-5.4899907,201,275.705386
-5.4899907,201,275.813999
-5.4899907,201,275.823512
-5.4899907,201,275.83102
-1.7399855,207,275.876837
0.2500143,253,275.945435
-5.4899907,201,275.955451
-4.5799813,201,275.964962
-4.599982,201,276.036726
10.660023,273,276.079799
-5.4899907,201,276.099831
11.400028,355,276.113362
-1.7499857,207,276.147917
-1.7499857,181,276.192979
-4.5799813,201,276.290651
0.26001453,255,276.311181
-5.4899907,201,276.408526
11.850027,313,276.479636
-5.4899907,201,276.520693
-5.4899907,201,276.534104
10.660023,273,276.604128
-5.4899907,201,276.705305
10.710024,271,276.722333
-5.4899907,201,276.751375
0.27001476,267,276.788936
0.84001637,337,276.828991
1.7000246,355,276.84201
0.2500143,267,276.864043
0.80001545,303,276.953196
31.84996,329,277.008645
-5.4899907,201,277.044201
10.720024,271,277.067744
0.29001522,265,277.150863
-4.0799813,201,277.172402
0.33001423,317,277.185424
-5.4899907,201,277.299587
-1.719985,207,277.337675
11.200024,297,277.384248
10.710024,273,277.534527
0.3000145,267,277.560569
0.26001453,269,277.605138
0.2500143,263,277.620665
-4.5599813,203,277.655231
2.4700308,285,277.669038
-3.95998,201,277.75894
0.49001884,269,277.785493
10.720024,273,277.92098
1.8200271,209,277.949022
4.0500326,383,278.02766
0.36001587,351,278.036674
11.110027,311,278.049694
0.29001522,289,278.126831
12.850039,341,278.233501
0.39001656,327,278.418798
0.3700161,357,278.515457
31.019955,335,278.545502
-1.6399832,185,278.609093
10.670023,317,278.626615
2.2900267,765,278.658669
33.11997,385,278.658669
0.30001545,267,278.674781
12.90004,349,278.708839
0.26001453,253,278.731122
0.280015,257,278.749653
0.33001518,401,278.767691
2.640023,191,278.774198
2.8700361,443,278.834292
10.920027,287,278.85432
-4.1699834,201,279.00343
0.3500147,443,279.142166
-2.5699813,197,279.286873
0.15002324,213,279.307907
1.860028,213,279.339944
0.31001568,265,279.372488
0.43001652,289,279.463634
2.0000181,279,279.476651
0.27001476,291,279.548773
4.1400347,357,279.562294
31.139957,345,279.595341
10.730024,271,279.603358
31.139954,329,279.612373
10.810026,335,279.622386
10.670023,263,279.745176
10.760025,347,279.80878
31.619965,453,279.823309
6.200035,247,279.857855
-4.599991,179,279.878885
-5.329991,223,279.969041
2.5000188,179,280.012612
4.010023,233,280.06419
3.5000198,177,280.119788
-2.969988,195,280.142323
1.0800188,185,280.163353
-2.9699879,195,280.188902
-1.2399752,215,280.203427
12.310026,361,280.363214
10.880028,329,280.43384
9.160034,243,280.447856
1.8800268,363,280.632169
2.480031,299,280.69529
3.7400255,309,280.739861
0.6600208,335,280.753384
0.38001728,357,280.819981
10.940029,289,280.863551
10.730022,273,280.877073
-1.6099825,179,280.930664
71.88006,351,280.954699
10.740025,339,280.96922
2.3700285,267,281.082431
11.920029,339,281.094968
0.38001442,349,281.152593
0.35001564,355,281.161606
0.2500143,267,281.172629
0.72002316,373,281.18265
-1.2099848,235,281.286815
-3.9199805,201,281.315361
-4.3299885,201,281.421526
-2.959979,201,281.431038
10.700024,273,281.455745
10.660023,259,281.463758
-1.3099778,219,281.555585
0.90002704,231,281.572611
4.37004,353,281.785467
2.2800264,307,281.79548
0.26001453,257,281.868113
-2.4699795,217,281.905669
1.0200195,307,281.940728
1.5800219,307,282.007849
14.620033,317,282.031491
11.870028,335,282.095587
-5.4899907,205,282.124635
-5.4899907,201,282.124635
0.26001453,255,282.161688
14.460039,389,282.161688
12.620033,271,282.184722
0.26001453,263,282.195751
10.790024,343,282.241314
-3.949981,207,282.462662
-3.789975,207,282.529279
32.939964,439,282.655497
10.720024,307,282.680033
-5.4899907,203,282.711083
0.26001453,267,282.770808
7.560032,233,282.796842
11.200035,363,282.833924
0.50002,269,282.934083
1.9600191,275,282.971636
0.5500212,281,282.99567
0.29001427,267,283.004685
0.38001633,345,283.022711
-5.4899907,201,283.048255
2.3300276,337,283.133316
34.939972,441,283.175381
0.27001476,255,283.26553
12.690035,419,283.303598
0.26001453,255,283.38925
0.41001606,281,283.505436
-4.5799813,201,283.543499
10.860025,309,283.562531
-4.5799813,201,283.583567
10.710024,275,283.622629
-1.4999838,217,283.665694
10.840023,311,283.672711
2.3600283,311,283.699262
-5.4899907,201,283.722817
0.36001682,269,283.722817
0.44001484,305,283.871555
10.850023,345,283.994571
0.2500143,253,284.028137
12.570032,309,284.060193
0.8500166,337,284.231076
-5.4899907,201,284.247107
-5.439991,201,284.271646
-5.279991,201,284.295674
-1.6999855,207,284.315703
0.26001453,255,284.335239
10.730024,275,284.395845
0.29001522,269,284.432902
0.3200159,269,284.473465
11.110029,315,284.499007
0.3400154,357,284.575618
-4.5799813,201,284.637215
0.26001453,255,284.643722
10.710024,273,284.824695
-1.679985,207,284.977165
0.27001476,255,284.991704
0.29001522,269,285.041783
-1.7499857,207,285.079347
0.36001492,269,285.104897
0.29001427,269,285.118418
-5.4899907,201,285.151461
0.2500143,253,285.157971
10.830025,387,285.207053
10.860027,317,285.221583
12.730036,639,285.27116
-5.4899907,201,285.401053
0.3700142,357,285.483699
0.33001518,317,285.543798
-1.6699839,207,285.588143
2.2700262,471,285.662507
0.2500143,253,285.705585
-5.4899907,201,285.728127
0.2500143,253,285.774705
-5.4899907,201,285.782718
-4.3899894,201,285.795734
-4.93999,201,285.850329
10.880026,281,285.933898
0.8100157,303,286.019028
0.33001423,355,286.10116
0.33001423,519,286.13272
0.3700161,357,286.141237
0.27001476,255,286.158281
-1.7499857,207,286.208423
-5.4899907,201,286.244509
-5.4899907,201,286.385885
0.8200159,305,286.447503
-1.7499857,207,286.457513
0.27001476,255,286.492562
0.26001453,255,286.538131
-4.93999,201,286.594737
0.26001453,255,286.601746
10.710024,273,286.703933
-5.4899907,201,286.761116
-5.4899907,201,286.791675
-5.4899907,201,286.799188
-1.7399855,207,286.823747
0.26001453,257,286.853803
0.33001614,355,286.897366
-1.7499857,181,286.919401
-5.4899907,201,287.033584
0.4100151,281,287.033584
-1.7299852,207,287.051779
-5.4899907,201,287.071033
-1.7499857,207,287.127107
-5.4899907,201,287.170177
-1.7299852,207,287.195737
-5.4899907,201,287.32359
1.1800241,369,287.351807
-5.4899907,201,287.390376
-5.4899907,201,287.417412
-5.4899907,201,287.424923
-5.4899907,201,287.450455
-5.4899907,201,287.479567
-1.2099848,235,287.630309
-1.7399855,207,287.749546
0.8100157,303,287.797128
0.2500143,253,287.797128
0.26001453,255,287.821171
0.28001404,255,287.842222
-5.4899907,201,287.901818
-5.4899907,201,287.930361
-5.4899907,201,287.964914
0.31002712,323,288.000469
-4.5799813,201,288.037528
10.710024,307,288.0861
0.26001453,255,288.135679
0.80001545,303,288.28046
-5.4899907,201,288.39566
0.40001392,355,288.414688
3.8600283,425,288.431212
10.730024,273,288.520294
0.38001633,345,288.595913
-2.2999752,197,288.634974
0.26001453,257,288.649498
31.279957,321,288.718308
-2.2699745,217,288.74586
-5.97,177,288.794955
0.39001465,357,288.81599
0.38001537,357,288.81599
0.4400177,293,288.837534
10.760025,347,288.897658
-6.0300007,177,288.930202
0.34001637,341,288.950239
10.710024,329,288.995827
0.7300253,323,289.317645
0.59001446,329,289.3482
0.6600208,303,289.374403
11.380039,301,289.445016
-5.4899907,201,289.465045
10.830027,309,289.505879
-5.4899907,201,289.524907
0.33001518,291,289.628625
0.9500189,327,289.707263
1.4100161,355,289.733817
0.3000145,357,289.799423
-1.719985,181,289.855008
0.31001472,421,289.899591
-1.7499857,207,289.951462
0.34001637,421,289.968488
0.68002224,479,289.994026
-4.93999,201,290.012049
1.9000168,395,290.029574
-4.5799813,201,290.037583
0.39001656,425,290.076215
-5.4899907,201,290.083227
-1.719985,207,290.113774
11.200024,297,290.165964
-5.4899907,201,290.375232
0.2500143,267,290.397396
-5.4899907,201,290.434954
0.26001453,255,290.474009
-4.5599813,201,290.48603
-5.4899907,201,290.542113
-3.8599882,201,290.58318
-5.4899907,201,290.616243
-1.719985,207,290.622254
-5.4899907,201,290.672823
-1.7399855,207,290.723914
0.24001408,255,290.730422
0.33001423,355,290.76516
-1.179985,235,290.854809
11.200024,297,290.93328
-5.4899907,201,290.970329
-1.6999846,207,291.003884
-5.4899907,201,291.028424
-1.7499857,181,291.067488
-4.93999,201,291.077502
-0.11998272,235,291.159639
-5.4899907,201,291.166147
-5.4899907,201,291.196191
-5.4899907,201,291.2022
-1.7499857,207,291.259295
31.80996,429,291.27582
-1.7299852,207,291.308386
-5.4899907,201,291.325921
-0.6299839,235,291.387531
-5.4899907,201,291.419589
-1.0599823,181,291.449634
-5.4899907,201,291.54482
-1.1899853,207,291.59592
-1.6799841,207,291.663962
-0.13998318,235,291.703024
-0.059981346,235,291.745599
-1.7299852,207,291.759626
-5.4899907,201,291.783159
-1.1699839,209,291.803194
-4.9299903,201,291.840756
-1.2099848,235,291.847768
-4.93999,201,291.89283
-0.13998318,235,291.995011
-4.3899894,201,292.004027
0.24001408,267,292.047605
-0.13998318,235,292.078657
-0.10998249,235,292.143262
-0.13998318,235,292.233907
-0.059981346,235,292.282972
-4.93999,201,292.293988
-4.3899894,201,292.376164
-5.4899907,201,292.392197
-1.1899853,235,292.406224
-1.7299852,207,292.438779
-1.7499857,207,292.463173
-4.93999,201,292.489721
-1.6799841,207,292.558374
-0.12998295,235,292.592931
-5.4899907,201,292.663358
-4.9299903,201,292.669865
-1.1499834,235,292.796063
-1.6899843,207,292.810583
-5.4899907,201,292.879702
-4.93999,201,292.935295
11.750025,273,292.935295
-5.4899907,201,292.944309
-5.4899907,201,292.994401
-5.4899907,201,293.030454
-4.5799813,201,293.053997
-1.7399855,207,293.090573
-4.92999,201,293.142163
-1.6899853,207,293.200462
-1.7499857,207,293.269586
-1.7499857,207,293.276097
0.8100157,303,293.312247
0.94001865,327,293.359468
-5.4899907,201,293.393033
-4.9299903,201,293.407553
-5.4899907,201,293.527769
-0.11998272,235,293.570844
-1.7299852,207,293.640469
-5.4699907,201,293.645979
-1.1999846,235,293.689556
11.750025,273,293.740642
-1.719985,207,293.760624
1.4800196,283,293.776151
-1.179985,235,293.796184
-1.7499857,207,293.888597
-5.4899907,201,293.910633
-1.1899843,235,293.97174
-1.7299852,207,293.979756
-5.4899907,201,294.002297
-1.1999846,235,294.106133
-5.4899907,201,294.142203
-1.179985,181,294.195292
-1.719985,207,294.267519
-1.1899843,235,294.283057
-4.93999,201,294.342026
33.609966,387,294.353551
-4.93999,201,294.36857
-4.93999,201,294.399617
-0.13998318,235,294.399617
-1.6999846,207,294.399617
-1.6499834,215,294.538885
-1.1199827,235,294.577945
-0.09998226,235,294.66153
-0.10998249,235,294.683071
-4.039981,201,294.693087
-5.4899907,201,294.72765
-1.7499857,207,294.788759
1.1000223,293,294.825321
-4.3899894,201,294.860879
-1.6999846,207,294.873403
-5.4899907,201,294.928499
-5.4899907,201,294.938519
-1.7499857,207,294.96856
-5.4899907,201,294.984081
-5.4899907,201,294.984081
-1.7499857,207,295.003108
-5.4899907,201,295.117663
-1.7099848,207,295.178824
-5.4899907,201,295.247965
-4.93999,201,295.266492
0.040020943,207,295.29754
-5.4899907,201,295.318571
-1.1699839,207,295.432271
-5.4899907,201,295.462068
-0.03998089,209,295.483111
-0.11998272,235,295.489622
-4.9299903,201,295.532505
-5.4899907,201,295.583088
-0.11998272,209,295.60212
-1.7399855,207,295.631683
-0.10998249,235,295.659745
-1.2099848,235,295.703317
-1.7099848,181,295.754914
-1.7499857,207,295.774442
-1.7499857,207,295.913205
-1.7399855,207,295.942253
-1.2099848,235,295.982317
-1.089982,235,296.039911
-5.4899907,201,296.100016
-4.93999,201,296.14309
-0.12998295,235,296.188684
-1.1199827,235,296.209716
-4.93999,201,296.209716
-1.1699848,207,296.272353
-4.92999,201,296.300937
-1.2099848,235,296.336499
-1.7499857,207,296.374578
-4.3899894,201,296.374578
0.8300152,339,296.475488
11.200024,297,296.486502
-4.93999,201,296.519059
-3.5299814,201,296.549612
-4.90999,201,296.591673
-1.7499857,207,296.663244
-5.4899907,201,296.715335
-1.7499857,181,296.735366
-1.7499857,207,296.831894
-1.2099848,235,296.858644
-5.4899907,201,296.906213
-1.7399855,207,296.959077
-4.93999,201,296.975605
-0.12998295,235,296.985625
-0.10998249,235,297.069759
-1.7299852,207,297.10161
0.8100157,303,297.116131
-0.10998249,235,297.176227
-1.7299852,207,297.197759
-0.12998295,235,297.217909
-0.12998295,235,297.246454
-4.90999,201,297.26649
-4.93999,201,297.316082
2.002716e-05,235,297.422259
-1.7499857,207,297.438791
-5.4899907,201,297.447814
-5.4899907,201,297.582161
-1.1799841,235,297.607705
-0.079981804,235,297.663857
-1.1799841,235,297.683625
-4.93999,201,297.716175
-1.719985,207,297.746232
-1.179985,235,297.786308
-1.7499857,207,297.813356
-5.4899907,201,297.837893
-4.93999,201,297.880967
-0.13998318,235,297.919034
-1.1499844,235,297.95915
-0.049981117,235,298.022517
-5.4899907,201,298.045571
-0.13998318,235,298.150746
-1.0399809,235,298.159755
-1.7499857,207,298.220161
-4.93999,201,298.265589
-1.1999846,235,298.27911
-5.4899907,201,298.303654
-1.1899853,235,298.352222
-1.1499834,235,298.428047
-0.03998089,209,298.43656
-0.64998436,235,298.474638
0.120022774,235,298.499176
-4.92999,201,298.546247
-1.1899853,235,298.569783
-1.179985,235,298.606336
-0.08998203,235,298.714513
-1.179985,235,298.738055
-4.91999,201,298.754079
-1.719985,207,298.782118
-1.7499857,207,298.842244
-1.719985,207,298.887814
-1.7099848,207,298.919856
-1.6199827,215,298.919856
-1.1699839,207,299.03249
-1.1899843,235,299.043511
-1.7499857,207,299.075557
-5.4899907,201,299.084572
-0.12998295,235,299.126637
-5.4899907,201,299.136651
-1.719985,207,299.202981
2.002716e-05,235,299.24203
-0.10998249,235,299.370789
-0.069981575,235,299.39232
-1.179985,235,299.407843
-1.7499857,207,299.416354
-0.12998295,235,299.436417
-5.4899907,201,299.453447
-1.7399855,207,299.503518
-0.64998436,235,299.577922
-5.4899907,201,299.610976
-1.7299852,207,299.626508
-1.7499857,207,299.668076
-5.4699907,201,299.69562
-0.13998318,235,299.740106
-1.7499857,207,299.780172
-1.1999846,235,299.792689
-5.4899907,201,299.81172
-1.6899843,207,299.994401
-5.4899907,201,300.00542
-1.1999846,235,300.049239
-1.1899853,235,300.071774
-1.7399855,207,300.092394
-0.10998249,235,300.092394
-0.02998066,235,300.128023
-1.6799841,207,300.174586
-1.6799841,207,300.210135
-1.1399832,207,300.22466
-5.4899907,201,300.253705
-1.7499857,207,300.295769
-1.7399855,207,300.340844
-5.4899907,201,300.379913
-1.1699848,207,300.391936
-0.11998272,235,300.490129
-0.08998203,209,300.602665
-1.7399855,207,300.667932
-0.12998295,235,300.68897
-4.93999,201,300.706261
-0.63998413,235,300.738304
-1.1999846,235,300.773381
-0.5999832,235,300.773381
-1.7399855,207,300.808947
-1.7399855,207,300.844503
-1.1499834,235,300.857018
-0.09998226,209,300.895092
-1.1499834,235,300.904605
-1.7399855,207,300.982734
-1.5799828,215,301.001262
-1.2099848,235,301.024806
-5.4899907,201,301.189225
-1.7399855,207,301.27889
-4.93999,201,301.27889
-1.6799841,207,301.344518
-1.7499857,207,301.384649
-1.7099848,207,301.384649
-1.1599846,181,301.392663
-1.7499857,207,301.422448
-1.7499857,207,301.461009
-5.4899907,201,301.492561
0.24001408,267,301.49907
11.570032,345,301.512587
-1.719985,207,301.526609
-5.4899907,201,301.62831
-0.12998295,235,301.684387
11.750025,273,301.792564
-1.7499857,207,301.804584
-5.4899907,201,301.86109
-1.719985,207,301.882126
-5.4899907,201,301.926703
-5.4899907,201,301.963764
-1.719985,207,301.982788
-4.93999,201,302.001861
-5.4899907,201,302.044427
-5.4899907,201,302.085485
-1.7499857,207,302.094504
-1.7299852,207,302.103516
-1.7399855,207,302.125548
0.24001408,267,302.179142
-5.4899907,201,302.267049
0.24001408,255,302.352676
-5.4899907,201,302.381215
-5.4899907,201,302.39023
-4.90999,201,302.465349
-5.4899907,201,302.50591
-0.64998436,235,302.539333
-5.4899907,201,302.558898
-5.4899907,201,302.649052
-1.7499857,207,302.678109
0.24001408,255,302.695638
-1.7099857,207,302.704654
0.27001476,255,302.736705
-3.4899797,201,302.756741
-5.4899907,201,302.846916
0.24001408,267,302.874458
-5.4899907,201,302.973646
-5.4899907,201,302.982657
0.31001568,357,303.079365
0.27001476,255,303.104919
-1.719985,207,303.127965
-1.7099857,207,303.18105
0.27001476,255,303.221114
-5.4899907,201,303.260682
0.26001453,255,303.300237
-1.7499857,207,303.306748
-5.4899907,201,303.316767
-5.4899907,201,303.355522
-5.4899907,201,303.445673
-5.4899907,201,303.475729
10.730024,275,303.626672
-5.4899907,201,303.6427
-5.4899907,201,303.652716
-5.4899907,201,303.769422
-5.4899907,201,303.789461
0.3900156,345,303.828072
-5.4899907,201,303.991381
-4.93999,201,304.03045
0.29001522,269,304.071029
0.26001453,255,304.113669
10.710024,273,304.130192
-1.7099857,207,304.179276
0.36001492,345,304.245894
-5.4899907,201,304.259416
-5.4899907,201,304.270428
-4.9299903,201,304.282943
0.80001545,303,304.318509
0.24001408,267,304.352568
-5.4899907,201,304.414672
0.33001614,355,304.476786
-1.7399855,181,304.545896
0.280015,257,304.552403
-1.7499857,181,304.586999
10.710024,273,304.645583
-5.4899907,201,304.681139
-5.4899907,201,304.734729
-1.7299852,207,304.748249
-5.4899907,201,304.850334
-5.4899907,201,304.869379
-5.4899907,201,304.906932
0.26001453,255,304.941453
-1.6899843,207,304.956983
-1.2099848,235,304.98052
10.710024,275,305.072666
-1.7299852,181,305.081178
-1.719985,207,305.081178
-1.7499857,181,305.186652
10.700024,273,305.213692
-5.4899907,201,305.326845
10.730024,275,305.402063
0.83001614,307,305.463164
-5.4899907,201,305.506761
-4.91999,201,305.543836
-5.4899907,201,305.556852
-1.1799841,235,305.575876
-1.7499857,207,305.602936
0.26001453,255,305.621522
0.8100157,303,305.656081
-5.4899907,201,305.699177
-4.93999,201,305.699177
-1.7499857,207,305.713763
12.100033,365,305.77845
-1.1899853,235,305.906696
0.24001408,255,305.939251
-1.7499857,207,306.013005
0.2500143,253,306.07512
-5.4899907,201,306.094782
-5.4899907,201,306.134852
-5.4899907,201,306.180428
-1.7399855,207,306.249495
-4.93999,201,306.275033
-4.7299848,201,306.290553
-5.4899907,201,306.360169
10.670023,275,306.382199
0.26001453,263,306.394723
0.83001614,355,306.512926
2.0800333,327,306.525947
-5.4899907,201,306.545989
0.80001545,303,306.59516
-5.4899907,201,306.633726
-5.4899907,201,306.715893
-5.4899907,201,306.791553
-5.4899907,201,306.875697
0.2500143,267,306.926901
11.380028,291,306.944927
-5.4899907,201,306.978496
10.660023,271,307.080671
-5.4899907,201,307.104704
-5.4899907,201,307.113717
0.27001476,255,307.113717
-5.4899907,201,307.134749
-3.5799818,201,307.209523
0.4100151,281,307.226049
2.530032,447,307.242574
-4.7299848,201,307.373795
10.670023,273,307.386819
-4.5799813,201,307.466515
0.3400154,421,307.498573
0.83001614,303,307.589285
10.690023,273,307.725019
-5.4899907,201,307.80272
-1.6699848,179,307.882309
10.860025,315,307.891324
0.27001476,255,307.943456
0.37001705,291,307.956971
-5.4899907,201,307.972492
1.2000227,327,308.075893
-4.9299903,201,308.095903
0.3400154,399,308.130543
11.400028,355,308.17714
-4.5799813,203,308.207035
1.6800241,361,308.219622
0.38001633,345,308.273143
10.690023,275,308.304765
-4.7799883,203,308.356915
0.34001446,421,308.367436
-5.4899907,201,308.430543
10.710024,273,308.716944
-5.369991,201,308.795927
1.760025,279,308.808448
1.930028,293,308.831487
2.2800255,267,308.875052
-3.7999752,201,308.881563
0.26001453,255,308.889584
-5.389991,201,309.017251
32.62991,377,309.044803
2.2500257,313,309.114945
13.140034,305,309.122459
2.7300367,381,309.129655
2.170024,285,309.213112
34.00994,367,309.213112
10.790026,335,309.274217
1.5900183,345,309.370487
6.8200245,209,309.495191
0.31001568,269,309.520733
9.520031,229,309.564817
-1.9799798,199,309.680481
0.68002033,305,309.695213
0.8100271,303,309.703227
0.28001404,257,309.757318
-3.9299788,201,309.773346
10.690023,269,309.877168
2.2300253,325,309.958803
33.239944,319,310.00488
0.43001556,393,310.014897
12.250036,411,310.023914
-4.0599813,201,310.063007
1.370017,267,310.124118
3.9100294,359,310.210757
10.720024,273,310.288414
12.760035,371,310.311451
0.3500166,291,310.380751
31.269958,291,310.504943
0.7000246,297,310.540452
0.31001568,255,310.683381
0.63002205,305,310.73695
2.5600328,351,310.758484
12.710035,301,310.857137
0.4400158,305,310.874167
-3.9099777,205,310.884186
12.680035,425,310.896202
0.45001602,313,310.912728
0.79002476,411,310.922747
12.200035,339,311.023916
0.3000145,267,311.044949
-5.4899907,201,311.074509
11.530031,337,311.074509
0.20002438,197,311.228744
2.0300207,331,311.295353
2.4500294,297,311.354945
0.3400154,421,311.382484
-3.179984,201,311.439579
10.710024,273,311.489679
10.720024,307,311.6334
2.4500303,287,311.734082
0.84001637,307,311.778695
10.670023,267,311.799724
31.089954,337,311.826337
10.6500225,265,311.833358
31.079952,335,311.845379
0.31001472,351,311.89702
0.120022774,203,311.910545
0.5500202,339,312.000714
1.6600235,193,312.032766
0.72001934,311,312.268516
2.7200346,433,312.313098
34.569965,375,312.321611
0.44001675,305,312.395265
0.9100275,349,312.414293
-1.5799818,207,312.489938
10.020029,229,312.497449
10.630022,267,312.516484
0.2500143,253,312.571566
0.8800173,267,312.603123
4.0900335,369,312.694593
12.46003,335,312.746169
0.6100168,329,312.753177
10.760025,275,312.784227
0.910017,281,312.828796
2.3100252,369,312.948981
-4.879988,201,313.047142
-1.719985,207,313.064173
10.730024,275,313.094225
0.6800184,303,313.129786
0.4600191,267,313.146304
0.5500212,297,313.156319
-4.0399804,201,313.167333
-4.319987,201,313.266139
1.4300175,305,313.285169
0.36001396,269,313.339757
-1.7499857,207,313.354064
-4.5799813,201,313.412759
0.5000191,399,313.642483
12.46003,315,313.68259
1.9000177,307,313.844453
2.5000315,387,313.86514
-5.4899907,201,313.87416
10.700024,273,313.881672
-1.7499857,207,313.881672
10.850023,281,313.894222
10.630022,257,313.922767
10.690023,275,313.990887
0.43001842,305,314.046466
0.86001587,323,314.067511
10.720024,307,314.082529
10.720024,273,314.151897
-2.6199825,217,314.287122
10.940029,377,314.480958
8.000027,227,314.491971
-4.1199822,197,314.526542
5.11003,243,314.557597
-4.1399827,201,314.627237
0.31001568,267,314.637102
11.360035,369,314.745294
10.700024,269,314.788897
13.01004,321,314.798916
4.0800333,511,314.827464
0.3700161,347,314.871874
7.520031,229,314.940997
2.2200222,389,314.997591
10.730022,309,315.024125
10.900026,343,315.041655
0.34001446,407,315.086239
10.020031,229,315.172896
0.29001427,269,315.336433
10.730022,275,315.387511
10.840023,311,315.423062
0.27001476,267,315.445599
-1.5799856,207,315.457614
-1.6499853,215,315.464625
0.280015,257,315.58618
10.850025,281,315.613236
10.810024,323,315.614241
0.29001522,269,315.69887
10.730022,273,315.785558
0.28001404,257,315.837652
10.710024,273,315.847674
10.730022,275,315.97545
0.27001476,255,316.005496
-5.4899907,201,316.111677
0.8200271,213,316.161068
-0.9299786,225,316.173594
0.33001614,397,316.329026
0.2000246,215,316.362099
0.29001427,267,316.537172
12.320038,363,316.615332
10.710024,273,316.716689
-5.4899907,201,316.745257
0.28001404,255,316.823082
13.100044,401,316.833613
0.40001678,345,316.867698
0.29001427,269,316.890744
0.34001446,423,316.971101
12.560032,343,317.071219
0.26001453,255,317.128876
0.29001427,269,317.330891
-5.4899907,201,317.330891
1.3900166,267,317.353441
0.36001682,357,317.421218
0.5900202,357,317.460789
10.670023,273,317.515379
0.280015,255,317.561961
34.579967,461,317.621887
0.83001614,295,317.747699
12.49003,295,317.779254
11.270025,335,317.807292
10.690023,273,317.814307
11.270025,331,317.859878
2.480031,307,318.012032
-4.409989,201,318.1509
0.4100151,281,318.173437
34.21997,437,318.233549
0.280015,291,318.299185
10.710024,307,318.446476
4.070033,377,318.467518
0.31001472,349,318.5176
-1.2699747,213,318.519102
0.26001453,253,318.585276
0.31001568,519,318.701162
31.639965,377,318.750243
0.3000145,255,318.774779
12.800037,339,318.783793
0.79002285,489,318.792805
-3.4899797,201,318.839869
10.760023,355,318.88595
0.27001476,255,318.927506
0.3200271,223,318.95555
-4.649984,201,319.027305
-4.9099903,203,319.177581
0.33001518,357,319.261281
0.26001453,255,319.287339
-5.429991,201,319.327407
0.26001453,269,319.337423
-1.719985,179,319.403542
-3.6199825,223,319.475854
-3.0199807,197,319.551982
13.170034,357,319.561995
0.26001453,267,319.592043
10.720024,273,319.642117
2.1600218,647,319.762838
0.8900175,317,319.774856
2.350028,299,319.811909
0.36001492,269,320.046832
12.720036,381,320.0854
-2.5499828,223,320.102923
-5.4899907,203,320.121952
12.570032,367,320.130967
-1.8499768,217,320.161015
11.310026,287,320.161015
0.3400154,341,320.269166
4.020032,371,320.277678
12.340027,331,320.2902
-2.2999752,197,320.313236
0.3200159,341,320.385047
-4.0399804,223,320.430118
1.9400187,271,320.526766
12.840027,321,320.541286
-5.479991,201,320.630419
-5.4899907,201,320.86651
-0.639972,213,320.899067
2.460019,305,320.996705
-3.1399882,165,321.007721
11.800026,309,321.007721
2.4700289,299,321.015733
-4.0299807,223,321.015733
-2.8999774,215,321.042273
2.130023,363,321.13143
2.130023,377,321.180388
10.860027,321,321.204933
32.76996,369,321.224459
0.3900156,377,321.387594
0.6800232,297,321.483758
31.839901,335,321.49027
2.220025,697,321.572061
-0.17998527,159,321.668982
10.660023,265,321.783694
0.27001476,255,321.790205
0.9100208,319,321.803721
0.27001476,291,321.874853
0.5600195,309,321.930449
0.6200142,375,322.059288
12.400026,347,322.104884
0.38001633,345,322.116915
0.83001614,307,322.132341
11.97003,289,322.164924
-5.4899907,201,322.182957
0.80001545,303,322.434974
0.26001453,255,322.490106
-3.8799767,201,322.553761
1.8100252,307,322.585343
-1.7499857,207,322.585343
0.27001476,255,322.602378
2.0800219,413,322.621419
-5.4899907,201,322.674044
-4.8899884,201,322.899248
-4.5799813,201,322.921298
-4.7199845,203,322.993584
10.610022,257,323.07026
10.680023,263,323.120506
-3.3199878,165,323.199171
10.660023,273,323.213704
11.05003,367,323.223722
10.900028,337,323.255783
0.27001476,255,323.471366
10.680023,347,323.721355
12.700035,323,323.785988
31.199955,337,323.824063
0.31001472,347,323.863133
-1.9099782,187,323.874663
2.550025,349,323.940279
0.71002483,377,323.98837
-2.4499784,213,324.003401
10.830027,297,324.027004
0.39001656,327,324.055044
0.29001427,257,324.091608
31.029953,325,324.173394
-3.119987,213,324.179411
-5.389991,143,324.247038
10.760023,349,324.294114
-6.0300007,177,324.307136
12.48003,335,324.337689
0.34001637,421,324.347706
2.9400184,173,324.382263
-6.0300007,143,324.396784
-6.1800003,111,324.501334
2.5400198,181,324.527868
-5.289991,223,324.544891
-2.7999868,177,324.544891
-0.12998295,193,324.571428
-1.6599855,177,324.609351
2.002716e-05,193,324.619365
-5.639995,113,324.634887
2.4200182,283,324.73808
-2.7999868,177,324.778153
-5.4499907,143,324.79918
-4.5599813,223,324.839239
1.9000175,169,324.839239
2.5000198,177,324.856764
-0.1499834,193,324.87229
-0.29998708,147,324.978092
-0.29998708,147,325.007136
-6.0300007,177,325.049194
-5.319995,147,325.06672
-5.479991,223,325.144836
-2.8299785,213,325.233354
32.689957,301,325.251383
-6.0300007,143,325.262399
-6.0300007,177,325.282434
-6.0300007,177,325.361564
12.370028,303,325.416149
-6.0300007,177,325.497773
-6.0300007,177,325.551356
1.870017,339,325.574892
-2.7999868,177,325.727742
-6.0300007,177,325.737769
12.290026,367,325.760312
2.00002,341,325.787847
-6.0300007,143,325.812386
1.880017,167,325.830416
-4.5699816,223,325.860464
7.300026,209,325.867972
32.67996,301,325.899518
-6.0300007,143,325.915039
11.540031,387,325.941577
12.300026,367,326.019222
-6.0300007,177,326.087831
82.76005,473,326.142438
-6.0300007,143,326.164972
-4.5699816,223,326.201525
3.0400207,181,326.270629
-6.0300007,177,326.283642
-6.0300007,143,326.343233
-6.0300007,177,326.343233
6.8200264,209,326.417023
-4.5699816,223,326.439552
22.229992,455,326.447067
-5.379991,223,326.50066
-3.0199807,213,326.507174
-6.0300007,177,326.531736
6.900028,231,326.541245
-4.019981,223,326.570302
-6.0300007,177,326.620401
-6.0300007,177,326.669472
-6.0300007,177,326.725064
-2.999988,197,326.752615
-3.0399897,195,326.849265
-6.0300007,177,326.870304
6.420027,219,326.9314
-5.2499943,177,326.963945
-6.0300007,177,326.970455
-4.91999,223,327.004
-6.0300007,177,327.033538
-6.0300007,177,327.041658
-6.0300007,177,327.060684
-6.0300007,177,327.069694
-6.0300007,177,327.131293
-3.019988,213,327.185899
-6.0300007,177,327.233997
0.94002914,295,327.286852
0.8100233,305,327.505444
0.36002803,213,327.576048
11.120029,309,327.605087
-4.2099843,193,327.700742
0.67001534,319,327.741807
10.860025,313,327.741807
10.690023,263,327.767847
0.2500143,257,327.767847
0.23002507,213,327.878017
10.910027,325,327.884028
30.899948,339,327.889535
10.690023,317,327.92965
2.1600237,287,327.935158
0.27001476,343,327.949682
0.26001453,259,327.969715
30.989952,323,327.984236
-2.6199822,223,328.15402
-5.4899907,201,328.415947
-1.7299852,207,328.433986
0.6000185,289,328.545864
10.760023,351,328.55337
8.780037,255,328.601457
2.2700224,317,328.61047
11.220032,377,328.646023
0.40001488,329,328.646023
10.720024,327,328.661543
0.5900202,363,328.704108
0.94001865,293,328.728159
10.710024,319,328.74819
10.710024,309,328.79154
31.06995,329,328.856141
0.5900221,399,328.989424
10.660023,357,329.094094
0.27001476,257,329.129663
-1.3099759,213,329.234312
-2.3199754,197,329.234312
2.420017,169,329.247331
-4.0399804,223,329.25735
10.680023,263,329.28089
1.9400187,269,329.346984
10.710024,317,329.471696
12.590033,401,329.515268
0.24001408,251,329.535298
2.1200228,339,329.573355
1.910018,319,329.597908
0.36002803,213,329.698571
10.680023,263,329.727108
0.79002476,373,329.768177
-4.1199822,197,329.80085
-4.309983,223,329.888
-3.2099876,165,329.938079
-1.94998,215,329.938079
0.27001476,267,329.978143
12.47003,323,330.023602
0.33001518,539,330.038126
0.030020714,319,330.120524
-6.0300007,143,330.259731
3.1600215,193,330.278255
-1.7499743,223,330.31982
0.77002525,413,330.35838
-2.7999864,223,330.389925
-6.0300007,177,330.404454
-5.1299915,177,330.404454
10.770025,327,330.421476
10.770025,327,330.483568
0.5900183,387,330.56419
-5.379991,223,330.570702
-5.639995,113,330.593734
-4.6499834,223,330.625297
0.38001728,365,330.68539
-5.319991,223,330.718434
-6.0300007,143,330.790544
-4.839988,143,330.861854
-5.439991,223,330.870867
-6.0300007,177,330.877373
2.0100183,501,330.928454
-4.639983,223,330.928454
-5.479991,223,330.967005
6.800026,209,330.976017
-5.639995,113,330.995041
21.850039,371,331.037121
-6.0300007,177,331.075177
-6.0300007,143,331.110732
7.2400246,203,331.127254
-5.479991,223,331.181843
-5.639995,113,331.238478
2.00002,309,331.26602
-2.809987,177,331.282548
-5.639995,113,331.283548
-6.0300007,177,331.405442
-2.7799864,177,331.447503
-5.4699907,223,331.472532
-4.90999,223,331.479541
1.9000175,169,331.530612
-0.11998272,177,331.58619
-2.259986,177,331.604215
1.9000177,361,331.604215
-0.83998895,143,331.630758
-5.4699907,223,331.648281
-6.0300007,143,331.675324
2.5400198,181,331.683832
-1.6499853,177,331.765453
-0.059981346,193,331.795513
-0.08998203,177,331.898824
-5.639995,113,331.917351
2.4000177,389,331.946393
-5.619995,115,331.954406
-2.7999868,177,331.97545
-6.0300007,177,332.026532
-1.6999855,177,332.084122
1.8600168,399,332.092633
-0.11998272,177,332.10515
-0.11998272,177,332.140708
-2.9599912,131,332.165243
-1.6399841,177,332.170751
-5.619995,115,332.228148
-0.83998895,143,332.334316
-6.0300007,143,332.345331
-0.83998895,143,332.365358
-1.679986,177,332.407424
1.8600168,361,332.454495
1.8600168,361,332.478531
2.4200182,273,332.518117
13.990028,325,332.568192
-0.12998295,177,332.575205
1.8200157,159,332.599752
-0.09998226,177,332.649045
6.8200264,209,332.667572
-1.7099857,177,332.866513
-4.809987,223,332.880036
12.830027,295,332.888555
-3.479985,209,332.995459
3.7500238,313,333.094179
6.760025,205,333.189849
1.8800173,369,333.224404
-1.7399855,207,333.262959
5.930029,347,333.446239
10.670023,275,333.464266
31.629963,331,333.524363
10.710024,273,333.532876
13.800026,361,333.540891
0.80001545,303,333.628536
0.89001656,327,333.637554
-1.6599734,217,333.6611
12.840027,275,333.729712
-1.0599711,221,333.746238
46.619957,441,333.805333
14.180035,331,333.881983
1.9200182,269,333.953048
0.6200228,253,333.971082
2.4400187,397,334.044183
1.9400187,269,334.171896
1.9400187,269,334.188422
-5.4899907,201,334.267541
10.670023,273,334.352708
10.670023,269,334.366232
15.58003,447,334.44434
-4.189984,217,334.449849
1.6500216,349,334.469874
-2.5299802,177,334.510951
2.040021,269,334.52097
0.73002505,213,334.538489
2.4400187,377,334.545499
12.890039,393,334.59407
2.5600193,183,334.685269
2.1100216,287,334.722847
3.1600235,193,334.88114
2.5000198,177,334.980808
15.890039,499,335.046403
10.720024,317,335.111001
0.27001476,267,335.228685
-0.18998623,295,335.244716
-0.24998665,281,335.255229
0.7800245,409,335.264241
1.9400177,359,335.316348
2.680024,301,335.336376
12.230024,657,335.379952
31.21996,343,335.491212
0.20002365,339,335.571829
0.6800232,427,335.583845
25.919933,331,335.592861
-4.0399804,223,335.644484
1.0100317,455,335.664017
1.9500179,271,335.706678
-4.0399804,223,335.713689
12.480028,335,335.772776
0.280015,287,336.013793
12.400028,295,336.030824
0.2500143,253,336.047346
31.82996,339,336.134481
-4.1299825,197,336.163026
-0.6799736,223,336.180049
12.910028,333,336.198588
12.48003,335,336.224619
0.2500143,253,336.327791
-2.51998,223,336.363835
0.2500143,253,336.380864
12.48003,335,336.389875
1.9800196,307,336.404394
1.4700174,457,336.478518
2.0300207,327,336.574677
-5.639995,113,336.669825
-6.0300007,177,336.690861
32.23996,417,336.698368
-2.419981,213,336.712884
-3.2799878,213,336.739923
-6.0300007,143,336.751944
-5.4899907,223,336.784496
12.400026,283,336.803021
3.4800193,175,336.870122
0.80001545,313,336.870122
5.620022,189,336.897666
-4.3599887,223,336.936738
-0.22998524,353,336.99733
-3.1099877,195,337.006346
-5.639995,113,337.019862
-6.0300007,177,337.06645
-5.479991,143,337.082969
4.2400208,327,337.09849
-5.3599916,143,337.191145
-2.159984,213,337.278775
1.3400161,161,337.307319
-4.249987,223,337.324345
-4.2899895,223,337.352889
2.4600189,175,337.380334
-4.8299875,223,337.400862
1.8200157,159,337.455453
0.6200206,189,337.467468
-5.4899907,223,337.494007
-2.7999868,177,337.503021
-2.7999868,177,337.563117
-2.6999846,177,337.574642
-2.219985,177,337.588668
2.9900198,301,337.59868
-5.619995,115,337.621355
-6.1600003,113,337.64739
-0.01998043,177,337.698474
-5.639995,113,337.80788
-0.12998295,177,337.825413
-1.6499844,177,337.853954
-0.29998708,147,337.872982
-1.6999855,177,337.883995
-4.87999,327,337.924053
-5.639995,113,337.953099
-0.12998295,177,337.967622
-0.12998295,177,337.994664
-1.6699848,177,338.05877
-2.6599836,177,338.074291
-0.049981117,177,338.088818
-2.1399832,177,338.096835
-0.10998249,177,338.122377
-4.4099894,151,338.129883
-5.619995,115,338.156427
1.870017,277,338.198862
-5.619995,115,338.222901
0.9000175,167,338.33307
-0.049981117,177,338.33307
-0.049981117,177,338.37765
1.8200157,159,338.406691
-0.059981346,177,338.431233
-0.12998295,177,338.467779
-0.079981804,177,338.493327
1.3600166,163,338.556424
-0.12998295,177,338.568439
-0.12998295,177,338.584468
-1.6599855,177,338.627536
-0.12998295,177,338.635548
7.8200264,209,338.692141
-0.11998272,177,338.704658
-0.10998249,177,338.732202
-5.619995,115,338.772265
-0.11998272,177,338.848899
-6.0300007,177,338.848899
-5.639995,113,338.887144
-6.0300007,143,339.03237
0.43001842,193,339.04889
2.5400198,181,339.186685
-4.0399823,223,339.234246
75.18008,397,339.254786
2.4300184,283,339.2613
14.570021,323,339.287843
2.380017,165,339.300375
14.640022,323,339.326916
-4.90999,223,339.347949
1.870017,277,339.358966
2.7200181,199,339.437579
-1.9599829,213,339.437579
14.710024,299,339.514687
-6.0300007,177,339.522197
2.4200182,281,339.546852
1.8600168,361,339.590422
-2.679984,213,339.635505
-5.3599925,143,339.682091
-6.0300007,177,339.754186
-3.0299878,213,339.784731
-6.0300007,177,339.804766
-3.2199879,213,339.832317
-6.0300007,177,339.832317
-5.479991,223,339.90792
-5.639995,113,339.937972
-6.0300007,177,339.998561
12.340027,275,340.018588
-5.4699907,223,340.043123
-4.7499857,223,340.043123
0.16002347,193,340.107733
1.8400161,161,340.121254
-5.4699907,223,340.127761
-5.4499907,223,340.156804
1.8200157,159,340.193356
1.9798279e-05,177,340.270483
1.870017,339,340.270483
-0.12998295,177,340.294526
-0.09998226,177,340.324064
-5.619995,115,340.363966
1.0700197,193,340.370477
1.8200157,159,340.389004
-0.059981346,177,340.408534
1.3400161,161,340.494167
-1.9199908,135,340.501259
-0.12998295,193,340.560336
1.4400165,171,340.602399
-1.7099857,177,340.623425
-2.4199903,135,340.763303
-2.7999868,177,340.775823
0.9900179,189,340.791345
2.460018,173,340.835664
6.800026,209,340.848681
-0.12998295,177,340.870213
1.0500193,193,340.896758
-5.639995,113,340.914282
-0.11998272,177,340.976963
-0.10998249,177,340.983974
1.8400161,161,341.06218
2.4000177,389,341.083206
34.989952,361,341.14792
15.110022,357,341.176963
1.8200157,159,341.229032
1.8200157,159,341.273094
34.989952,361,341.310211
-5.329991,223,341.374797
3.0200186,309,341.395833
1.8200157,159,341.407844
8.880026,215,341.435889
-0.12998295,177,341.463423
7.98003,225,341.505988
-0.10998249,177,341.541555
32.549953,285,341.560082
-0.12998295,177,341.560082
-5.639995,113,341.619181
-0.11998272,177,341.634699
-1.7099857,177,341.664245
1.8200157,159,341.674761
-2.1999846,177,341.764991
0.88001704,165,341.838902
1.870017,339,341.845915
1.3600166,163,341.895995
-0.09998226,177,341.902503
-2.759986,177,341.911515
2.4000177,389,341.955096
-5.639995,113,341.967611
1.3400161,161,341.977626
-5.619995,115,342.017193
1.0000191,193,342.031213
1.3400161,161,342.046732
1.380017,165,342.06125
-0.12998295,177,342.079445
1.8200157,159,342.140541
-0.10998249,177,342.156067
-0.1499834,193,342.385785
0.48001957,193,342.392293
-2.9599912,131,342.400302
-0.09998226,177,342.448869
-0.09998226,193,342.456886
-0.11998272,177,342.471488
6.8200264,209,342.498024
-0.11998272,177,342.526067
-5.479991,223,342.537082
-2.809987,177,342.560616
-5.479991,223,342.595662
-0.10998249,177,342.624217
-0.11998272,177,342.638737
35.009953,381,342.82608
-1.6299849,177,342.868146
-1.5899858,177,342.874653
-0.11998272,177,342.885668
-0.069981575,177,342.930232
-0.069981575,177,342.938747
-0.11998272,177,342.953277
1.8200157,159,342.968372
-0.12998295,177,342.995908
1.9798279e-05,177,343.025949
1.8600168,361,343.03897
1.8200157,159,343.048983
-0.08998203,177,343.065006
2.4000177,389,343.106686
-1.6999855,177,343.128715
-0.12998295,177,343.143235
-0.01998043,177,343.336024
1.8200157,159,343.342533
0.9000175,167,343.359059
-0.11998272,177,343.394113
-5.619995,115,343.436175
-0.069981575,177,343.44619
-0.11998272,177,343.456701
-0.11998272,177,343.472221
1.8200157,159,343.477728
-2.7799864,177,343.487742
-0.12998295,177,343.504767
-1.6699858,177,343.54134
-0.12998295,177,343.554856
-0.069981575,177,343.566879
-0.069981575,177,343.616462
-0.08998203,177,343.645998
-0.12998295,177,343.834772
-0.12998295,177,343.841285
-5.619995,115,343.855808
-0.09998226,177,343.88786
-0.11998272,177,343.928916
-2.7999868,177,343.942436
-0.09998226,177,343.951454
-0.069981575,177,343.965973
-0.10998249,177,343.980497
1.9798279e-05,177,343.997029
1.1000204,189,344.011557
-0.09998226,177,344.036091
-1.6199846,177,344.059126
-0.09998226,177,344.102712
-0.12998295,177,344.132245
1.3600166,163,344.299055
-0.079981804,177,344.336104
-0.12998295,177,344.352626
35.009953,361,344.377173
-0.11998272,177,344.389188
1.8200157,159,344.415234
-0.11998272,177,344.447771
-0.08998203,177,344.458785
-0.08998203,177,344.48032
1.1600215,193,344.493338
-0.12998295,177,344.502313
-0.12998295,177,344.517335
1.9798279e-05,177,344.543366
-0.11998272,177,344.563395
-0.12998295,177,344.610484
1.3600166,163,344.805074
-0.12998295,177,344.812586
1.8400161,161,344.841629
-0.12998295,177,344.863667
1.8200157,159,344.872686
-0.08998203,177,344.904233
1.3600166,163,344.924264
-5.639995,113,344.924264
-1.7099857,177,344.958807
-0.11998272,177,344.986854
-0.049981117,177,344.995868
-0.08998203,177,345.007887
1.8200157,159,345.0159
-0.11998272,177,345.046941
-5.639995,113,345.159096
-5.619995,115,345.189141
35.019955,393,345.239702
-1.9199908,135,345.294288
12.2800255,283,345.30508
-1.6699858,177,345.313594
-0.059981346,177,345.320607
-0.09998226,177,345.371477
-0.12998295,177,345.401527
-2.719985,177,345.423556
-2.2399855,177,345.455109
1.3600166,163,345.46913
-0.12998295,177,345.489157
-0.11998272,177,345.50619
-0.059981346,177,345.541744
1.9798279e-05,177,345.652412
-2.7699862,177,345.678952
-0.09998226,177,345.723517
-2.2499857,177,345.779095
-1.6599855,177,345.787108
-0.11998272,177,345.795118
-0.11998272,177,345.808137
1.8200157,159,345.815153
1.8200157,159,345.861745
-2.7999868,177,345.895302
3.0600204,331,345.918329
-0.11998272,177,345.946872
-0.08998203,177,345.957887
-0.10998249,177,345.978917
-0.12998295,177,345.995947
0.9000175,167,346.008966
-0.10998249,177,346.147215
1.8200157,159,346.238619
-1.679986,177,346.278699
-0.09998226,177,346.287208
-0.12998295,193,346.352825
1.8200157,159,346.394382
1.8200157,159,346.43707
-0.11998272,177,346.492367
-5.479991,223,346.540441
14.620022,323,346.628073
0.4900198,193,346.677154
35.009953,361,346.683662
1.8400161,161,346.696185
14.620022,323,346.752777
-0.079981804,177,346.772868
-0.12998295,177,346.783385
-0.11998272,177,346.835976
-0.03998089,177,346.874545
12.300026,367,346.908112
1.8200157,159,346.927136
75.20007,367,346.971727
-0.11998272,177,347.024819
75.18008,397,347.071396
1.8200157,159,347.071396
-0.12998295,177,347.160599
-0.11998272,177,347.16811
2.4400187,283,347.209173
-0.10998249,177,347.244737
-0.09998226,177,347.267282
-0.10998249,177,347.276296
-0.059981346,177,347.328387
-0.079981804,177,347.367259
1.9798279e-05,177,347.398302
-0.02998066,177,347.420334
-0.11998272,177,347.461412
-0.059981346,177,347.51148
4.9500294,653,347.600607
0.9000175,167,347.626145
-0.069981575,177,347.655198
34.989952,361,347.685255
-0.11998272,177,347.692766
1.9798279e-05,177,347.743834
-0.11998272,177,347.754847
-2.7899866,177,347.804525
1.9798279e-05,177,347.840578
-0.09998226,177,347.875134
-0.01998043,177,347.893667
36.979965,303,347.902681
35.04997,303,347.902681
-0.059981346,177,347.940731
-0.10998249,177,347.991817
-0.009980202,177,348.083448
1.9798279e-05,177,348.110488
-0.10998249,177,348.137027
-0.04998207,177,348.168077
-0.03998089,177,348.179093
13.450029,357,348.222665
-0.11998272,177,348.238185
-0.12998295,177,348.293782
1.380017,165,348.3018
-0.11998272,177,348.362887
1.3400161,161,348.380924
-0.10998249,177,348.381928
-0.11998272,177,348.391942
-0.12998295,177,348.476088
-0.049981117,177,348.569193
-0.079981804,177,348.596239
1.3400161,161,348.615268
-1.6499844,177,348.624779
-0.10998249,177,348.659321
-1.7099857,177,348.702889
-0.11998272,177,348.718412
1.8200157,159,348.732933
14.620022,323,348.787003
35.009953,395,348.835066
-1.7099857,177,348.852593
-2.7699862,177,348.870622
-0.08998203,177,348.870622
-0.09998226,177,348.879134
-0.12998295,177,348.966284
-5.619995,115,349.019364
-0.12998295,177,349.062944
-0.09998226,177,349.104512
-0.11998272,177,349.117332
0.9700184,193,349.136355
-0.11998272,177,349.151877
-0.02998066,177,349.21848
-0.009980202,177,349.271559
1.3600166,163,349.286083
-0.12998295,177,349.336291
-0.12998295,177,349.354819
1.9798279e-05,177,349.354819
-0.11998272,177,349.366123
-5.639995,113,349.424741
-1.9199908,135,349.439257
-0.11998272,177,349.45846
-5.619995,115,349.470981
-0.11998272,177,349.518045
-5.619995,115,349.539108
3.0300188,309,349.572661
-0.11998272,177,349.599192
-0.059981346,177,349.627752
-0.11998272,177,349.763632
1.8200157,159,349.771647
-0.10998249,177,349.83281
-0.079981804,177,349.83281
-0.12998295,177,349.84082
-5.4699907,223,349.882756
-0.12998295,177,349.910817
-0.11998272,177,349.925858
-0.12998295,177,349.947385
1.3400161,161,349.964912
1.8200157,159,349.981941
1.8400161,161,350.021996
2.9900188,629,350.040573
1.8200157,159,350.072631
-5.639995,113,350.098167
-5.619995,115,350.166059
-2.9599912,131,350.272752
-2.809987,177,350.338349
14.620022,323,350.35938
-0.10998249,177,350.383921
1.8200157,159,350.467557
34.979954,327,350.497097
-1.6599855,177,350.50611
10.48003,225,350.549185
-0.11998272,177,350.577227
12.320026,295,350.65186
-4.87999,327,350.674889
2.450019,283,350.729072
13.390028,305,350.80067
-0.079981804,177,350.814687
-0.12998295,177,350.854751
1.8600168,339,350.869274
1.8200157,159,350.900821
-0.11998272,177,350.969422
2.450018,273,351.012988
14.600021,321,351.031011
-5.619995,115,351.04203
-0.11998272,177,351.054555
-1.3599894,141,351.063067
75.20007,367,351.073084
-5.4499907,143,351.202775
-2.7999868,177,351.325466
75.20007,367,351.340986
-0.10998249,177,351.369533
-0.02998066,177,351.443653
35.009953,361,351.470704
1.380017,165,351.478216
-0.11998272,177,351.496244
-0.069981575,177,351.521791
35.009953,361,351.521791
-0.11998272,177,351.531805
-2.259986,177,351.54282
12.270025,283,351.580868
35.009953,361,351.631941
-0.049981117,177,351.683016
-4.87999,327,351.746485
1.3400161,161,351.766516
-0.069981575,177,351.819601
-0.11998272,177,351.851656
1.3400161,161,351.884703
-0.069981575,177,351.951718
-0.09998226,177,351.969245
-0.12998295,177,351.996283
-0.11998272,177,352.010802
1.8400161,161,352.010802
-1.7099857,177,352.019312
34.989952,361,352.046352
-1.6599855,177,352.159533
-1.6699858,177,352.230153
-1.6699858,177,352.253681
-0.12998295,177,352.303764
1.8400161,161,352.324659
35.04997,303,352.342682
1.8200157,159,352.39076
1.8200157,159,352.409384
1.8200157,159,352.435421
-0.03998089,177,352.4895
-0.09998226,177,352.4895
-0.09998226,177,352.507541
-0.11998272,177,352.532071
35.059956,397,352.567624
34.989952,361,352.619198
32.549953,285,352.642728
-0.11998272,177,352.659248
-0.049981117,177,352.728044
-0.059981346,177,352.748573
-0.01998043,177,352.802148
-0.069981575,177,352.824683
-0.079981804,177,352.843704
-0.079981804,177,352.888277
-0.03998089,177,352.910815
-0.059981346,177,352.934851
-3.7399857,153,352.959436
0.9000175,167,352.972956
1.9798279e-05,177,353.001012
-0.079981804,177,353.008524
-0.02998066,177,353.06411
-2.2299852,177,353.118716
-0.069981575,177,353.14525
-0.069981575,177,353.161781
-4.4099894,167,353.222064
-0.049981117,177,353.232076
1.0000198,177,353.303188
1.0000198,177,353.323218
1.9798279e-05,177,353.341746
1.9798279e-05,177,353.389318
-0.069981575,177,353.409344
1.3600166,163,353.426368
-0.11998272,177,353.439386
-0.079981804,177,353.496477
-0.059981346,177,353.505489
-0.83998895,143,353.530027
-2.9599912,131,353.5372
-0.09998226,177,353.573742
-0.11998272,177,353.640968
1.3600166,163,353.781176
-0.09998226,177,353.786687
-0.12998295,177,353.806718
-0.11998272,177,353.868311
-0.12998295,177,353.90486
-0.11998272,177,353.915375
14.870028,361,353.955722
1.3400161,161,353.96223
-1.6899853,177,353.979754
-0.09998226,177,353.990769
0.50002,191,354.084905
-0.11998272,177,354.120977
35.029953,327,354.127486
-5.619995,115,354.136499
-3.9699807,327,354.145511
-0.12998295,177,354.276417
-0.12998295,177,354.283925
14.620022,323,354.30546
-0.12998295,177,354.369567
-0.11998272,177,354.408622
1.8200157,159,354.425647
-5.639995,113,354.445674
-5.639995,113,354.452185
1.8200157,159,354.561837
14.600021,435,354.69954
-0.11998272,177,354.749604
-0.12998295,177,354.75511
-0.11998272,177,354.773142
-0.12998295,177,354.836681
35.029953,329,354.865724
-0.049981117,177,354.881246
-0.049981117,177,354.896781
4.9600286,301,354.903286
-0.08998203,177,354.922817
-0.11998272,177,354.931437
35.009953,361,354.955472
75.18008,397,355.001037
35.059956,385,355.021062
-2.2399855,177,355.046596
-5.639995,113,355.093964
36.779907,389,355.183107
-0.11998272,177,355.195624
-5.619995,115,355.223163
-2.4399908,133,355.28775
-0.12998295,177,355.366357
-5.639995,113,355.392898
-0.83998895,143,355.407423
-0.10998249,177,355.436464
-0.12998295,177,355.522105
1.8400161,161,355.619749
34.979954,327,355.638777
-4.89999,327,355.645786
-0.11998272,177,355.661308
-0.83998895,143,355.801038
-5.479991,223,355.812054
-0.11998272,177,355.841094
75.20007,367,355.86764
12.290026,367,355.893177
35.009953,363,355.905703
75.18008,397,355.926737
35.009953,361,355.986847
-2.809987,177,356.012891
0.7800138,155,356.075492
-0.12998295,177,356.115224
1.9800184,175,356.13325
-5.619995,115,356.138757
2.960019,303,356.231412
2.410018,367,356.282988
-6.0300007,143,356.292007
-0.09998226,177,356.30953
-0.12998295,177,356.359612
1.880017,167,356.369625
-6.0300007,143,356.379639
-0.13998318,193,356.391153
75.18008,397,356.485287
-2.259986,177,356.496806
-6.0300007,143,356.531854
-6.0300007,177,356.601951
-1.6699858,177,356.625489
-5.4499907,143,356.698925
2.410018,379,356.698925
-6.0300007,177,356.764022
-6.0300007,143,356.764022
9.48003,225,356.84129
-6.0300007,177,356.852303
1.8800173,339,356.852303
-1.6899853,177,356.949453
-6.0300007,177,356.98951
-5.639995,113,356.996522
-4.90999,223,357.079659
-6.0300007,177,357.086669
0.99001884,193,357.113208
72.620094,291,357.143255
-6.0300007,177,357.171302
-2.7699862,177,357.236004
1.8600168,361,357.264038
1.8600168,339,357.281061
-2.7799864,177,357.32864
-5.4699907,223,357.368695
-6.0300007,143,357.388724
-5.639995,113,357.403244
1.920016,169,357.419769
-4.9299903,223,357.452332
-4.9299903,223,357.465851
-2.2499857,177,357.56951
1.920018,169,357.581035
-0.1499834,193,357.667681
-5.619995,115,357.683203
-5.619995,115,357.713247
-6.0300007,177,357.73127
-5.639995,113,357.764313
2.9800186,629,357.786847
-4.9299903,223,357.786847
1.9000175,167,357.794355
-5.4499907,143,357.843423
2.0100183,319,357.873468
2.4400175,171,357.889484
-0.13998318,193,357.926541
-5.4499907,143,357.969623
2.450018,293,358.066786
-5.619995,115,358.09683
-2.809987,177,358.154928
2.5400198,181,358.181484
-5.479991,223,358.191998
-1.5999842,177,358.207523
-0.11998272,177,358.224042
1.8200157,159,358.236063
-2.7999868,177,358.283123
3.3300276,365,358.297646
1.0100183,193,358.313171
-0.10998249,177,358.344218
-0.11998272,177,358.372267
-0.11998272,177,358.388788
-0.10998249,177,358.424386
-0.10998249,177,358.465966
-0.049981117,177,358.56312
-0.11998272,177,358.592169
1.8200157,159,358.625718
-0.069981575,177,358.654274
-0.11998272,177,358.683316
-5.639995,113,358.689829
-0.11998272,177,358.703358
-0.11998272,177,358.71988
-0.12998295,177,358.727893
1.8200157,159,358.755442
-0.12998295,177,358.783482
-0.10998249,177,358.798004
-0.049981117,177,358.838563
-0.11998272,177,358.868942
1.8200157,159,358.868942
-0.08998203,177,358.955066
-5.619995,115,359.032384
-0.12998295,177,359.056934
-0.11998272,177,359.08598
1.8200157,159,359.097999
-0.11998272,177,359.122541
1.8200157,159,359.135555
-0.12998295,177,359.19214
-0.10998249,177,359.209662
-0.11998272,177,359.239715
-0.11998272,177,359.267756
-0.10998249,177,359.283278
1.8200157,159,359.306832
-5.639995,113,359.357909
1.8200157,159,359.397962
1.8200157,159,359.491102
-1.6499853,177,359.568738
-2.809987,177,359.582259
-0.12998295,177,359.604289
1.3400161,161,359.642352
-1.7099857,177,359.674418
-0.12998295,177,359.718996
-0.11998272,177,359.746035
-0.09998226,177,359.757051
-0.11998272,177,359.783093
35.009953,395,359.783093
34.989952,361,359.819661
1.8400161,161,359.83719
-0.02998066,177,359.843192
75.20007,367,359.873239
-0.10998249,177,359.981403
1.9798279e-05,177,360.049999
-0.03998089,177,360.063525
-0.10998249,177,360.089061
35.009953,361,360.11711
-0.11998272,177,360.132128
-0.12998295,177,360.162176
-0.11998272,177,360.206747
-0.11998272,177,360.23581
-0.08998203,177,360.251341
-0.11998272,177,360.27344
-0.12998295,177,360.311494
-0.08998203,177,360.329019
-0.11998272,177,360.363583
1.3400161,161,360.504301
1.8200157,159,360.524333
-0.11998272,177,360.542356
1.8200157,159,360.557877
1.8400161,161,360.576875
-0.09998226,177,360.642467
14.620022,323,360.665496
-0.11998272,177,360.688038
-0.12998295,177,360.7161
-0.11998272,177,360.730118
-0.09998226,177,360.756651
-0.11998272,177,360.793213
-0.079981804,177,360.809738
-0.11998272,177,360.843538
35.039955,381,360.8836
35.009953,361,360.974233
-0.08998203,177,361.002297
-0.059981346,177,361.021322
-0.049981117,177,361.039352
1.9798279e-05,177,361.05437
-0.08998203,177,361.072398
-0.079981804,177,361.143253
-0.009980202,177,361.163286
-0.11998272,177,361.195848
-0.11998272,177,361.226903
-0.10998249,177,361.242435
-0.009980202,177,361.266973
-0.059981346,177,361.308842
-0.03998089,177,361.326868
-0.069981575,177,361.359919
-0.09998226,177,361.408012
1.8400161,161,361.483565
-0.10998249,177,361.506099
-0.069981575,177,361.548163
-0.12998295,177,361.569189
-0.10998249,177,361.582205
-0.11998272,177,361.603234
-0.11998272,177,361.679857
-0.09998226,177,361.701386
1.3600166,163,361.717925
1.9798279e-05,177,361.732445
-0.069981575,177,361.77151
-0.09998226,177,361.795192
-5.639995,113,361.823229
-0.09998226,177,361.835744
-2.219985,177,361.852272
-0.09998226,177,361.886821
1.380017,165,361.901342
-0.12998295,177,362.049082
-0.09998226,177,362.068113
-0.10998249,177,362.08263
-0.11998272,177,362.10015
1.8400161,161,362.161235
-2.809987,177,362.172254
-1.6599855,177,362.195284
1.8200157,159,362.228851
-0.11998272,177,362.256896
1.8200157,159,362.284434
-1.6899853,177,362.309975
-0.09998226,177,362.324495
-0.09998226,177,362.37006
-0.10998249,177,362.386094
1.380017,165,362.508797
-0.02998066,177,362.553365
1.9798279e-05,177,362.567893
3.0000181,383,362.582412
-0.11998272,177,362.589919
0.9000175,167,362.635988
-0.09998226,177,362.656028
0.9000175,167,362.663538
-0.11998272,177,362.721637
34.989952,361,362.731649
-0.12998295,177,362.754677
-0.11998272,177,362.780215
-0.12998295,177,362.804256
-0.079981804,177,362.818778
-0.079981804,177,362.866847
-0.09998226,177,362.878866
-5.619995,115,362.974604
-0.079981804,177,363.004649
-0.11998272,177,363.053742
-0.12998295,177,363.069267
-0.11998272,177,363.081281
-0.10998249,177,363.091297
-0.049981117,177,363.13469
-0.09998226,177,363.158239
-0.11998272,177,363.218834
1.8200157,159,363.225843
-0.12998295,177,363.236861
-0.09998226,177,363.300164
1.8200157,159,363.311688
-0.11998272,177,363.320205
-0.11998272,177,363.375302
-2.4399908,133,363.391326
1.8200157,159,363.519926
-0.11998272,171,363.545959
-0.11998272,177,363.578011
1.5400207,181,363.649143
-4.8599916,143,363.691565
36.979965,381,363.795731
-5.639995,113,363.822775
3.000019,319,363.853316
-5.639995,113,363.881486
3.3200262,209,363.942578
34.989952,357,364.0237
2.2500257,305,364.041725
1.9600182,299,364.095306
-5.619995,115,364.103817
14.680023,361,364.112331
11.840038,353,364.248537
15.250036,393,364.273818
75.4601,397,364.293348
12.440029,357,364.322392
-5.6199946,115,364.337914
11.850039,281,364.400006
14.57003,363,364.502373
10.350025,309,364.514388
4.130023,293,364.593506
-4.859988,143,364.644088
1.3600166,163,364.678135
2.4400187,283,364.686143
3.000019,319,364.721692
1.3400161,161,364.758241
15.49003,345,364.769254
1.08002,193,364.809324
0.5000198,177,364.868075
2.7000246,341,364.946709
2.0800216,185,364.996274
35.81996,345,365.021818
13.590031,371,365.089921
75.20007,367,365.089921
-1.2099848,183,365.09593
1.380017,165,365.138994
-3.7099853,177,365.240177
-3.739986,177,365.249191
14.610022,365,365.303778
2.0800188,185,365.317303
1.880017,165,365.327313
-0.10998249,177,365.490818
11.270025,333,365.559918
13.520031,321,365.559918
-0.02998066,177,365.578622
-0.10998249,177,365.627192
14.810026,359,365.699889
-0.079981804,177,365.725913
-0.12998295,177,365.738931
1.8200157,159,365.747444
14.710024,299,365.779986
-0.11998272,177,365.805539
-2.1499863,177,365.964805
-0.079981804,175,366.026406
-0.069981575,177,366.033916
-0.08998203,177,366.057057
34.989952,361,366.077642
-1.339989,143,366.093662
14.680023,603,366.148754
35.009953,395,366.172794
-0.09998226,177,366.24789
1.0100193,193,366.256397
-0.13998318,193,366.268415
-0.009980202,177,366.285436
35.009953,395,366.392589
1.9798279e-05,177,366.450322
35.029953,327,366.510427
-0.009980202,177,366.518447
-0.069981575,177,366.529462
-0.079981804,177,366.550489
-0.069981575,177,366.570019
-0.11998272,177,366.590047
-0.11998272,177,366.653617
14.600021,603,366.697176
1.8200157,159,366.715703
1.3400161,161,366.748761
-0.11998272,177,366.7783
-0.09998226,177,366.788314
35.009953,397,366.850909
-0.09998226,177,366.916011
-0.11998272,177,366.970118
1.9798279e-05,177,367.0282
-2.259986,177,367.039223
-0.069981575,177,367.047773
-0.069981575,177,367.066293
-0.09998226,177,367.089328
-0.11998272,177,367.103847
-0.03998089,177,367.160446
-0.08998203,177,367.200003
-0.02998066,177,367.216029
1.9798279e-05,177,367.246583
-0.02998066,177,367.281626
-0.03998089,177,367.290137
36.979965,393,367.310165
1.9798279e-05,177,367.354743
-5.639995,113,367.37478
-0.08998203,177,367.425855
-0.10998249,177,367.487457
1.8400161,161,367.519509
-0.09998226,177,367.559079
-1.6199846,177,367.59013
-0.11998272,177,367.613668
-0.09998226,177,367.632698
1.8200157,159,367.647741
-1.339989,143,367.660255
-0.059981346,177,367.736383
-0.11998272,177,367.799498
-0.10998249,177,367.810512
0.020020485,193,367.828048
-0.12998295,177,367.872617
-0.11998272,177,367.895644
-0.10998249,177,367.950231
-0.10998249,177,368.005829
-0.069981575,177,368.035878
1.9798279e-05,177,368.06743
-0.079981804,177,368.09497
-0.12998295,177,368.1364
-0.12998295,177,368.223036
-4.87999,327,368.241557
1.8200157,159,368.248068
-0.12998295,177,368.31166
-5.619995,115,368.32468
-3.4699798,223,368.489443
1.3600166,163,368.500456
35.009953,361,368.593608
-0.059981346,193,368.640187
-0.08998203,177,368.681745
35.039955,395,368.698272
-0.11998272,177,368.70578
-0.11998272,177,368.715796
75.22008,397,368.737334
-0.10998249,177,368.785903
-0.03998089,177,368.796418
2.4200182,283,368.801926
5.170024,367,368.815773
-4.8499904,327,368.841813
75.18008,397,368.950057
1.380017,165,368.950057
-4.87999,327,368.977596
-0.08998203,177,368.984601
-0.10998249,177,369.082741
-0.03998089,177,369.128312
-0.069981575,177,369.171961
-0.09998226,177,369.18848
-0.03998089,177,369.195987
-0.049981117,177,369.202999
-0.08998203,177,369.224025
-0.11998272,177,369.274097
-0.11998272,177,369.289119
-0.059981346,177,369.296132
-0.059981346,177,369.31015
-0.11998272,177,369.333683
-1.5999842,177,369.441878
-0.059981346,177,369.441878
-0.049981117,177,369.468414
-0.059981346,177,369.47492
-0.049981117,177,369.573063
-0.079981804,177,369.620137
-0.11998272,177,369.663771
-0.11998272,177,369.680293
-0.069981575,177,369.688306
-0.03998089,177,369.694812
-0.08998203,177,369.718348
1.3400161,161,369.726357
1.8200157,159,369.767415
-0.08998203,177,369.782938
-0.059981346,177,369.788445
-0.08998203,177,369.80397
0.9000175,167,369.910633
-0.11998272,177,369.939171
-0.12998295,177,369.962705
-0.11998272,177,369.971717
-5.619995,115,370.016289
1.8200157,159,370.033814
-0.11998272,177,370.122949
-0.10998249,177,370.165005
-0.12998295,177,370.186045
-0.12998295,177,370.193058
1.8200157,159,370.210586
-0.11998272,177,370.217598
-0.03998089,177,370.229615
-0.11998272,177,370.276702
-0.10998249,177,370.286208
-0.11998272,177,370.399394
1.8200157,159,370.406404
1.8200157,159,370.412915
-2.759986,177,370.436446
1.8400161,161,370.466494
1.8200157,159,370.480513
1.8200157,159,370.569644
-0.10998249,177,370.680318
14.600021,321,370.688331
-0.11998272,177,370.688331
-0.11998272,177,370.713774
1.8200157,159,370.720282
1.8200157,159,370.728096
1.8200157,159,370.842788
1.8400161,161,370.8528
1.3400161,161,370.904876
-0.1499834,193,370.941934
-0.11998272,177,371.046628
1.8200157,159,371.104212
1.8200157,159,371.110722
1.8200157,159,371.110722
1.8200157,159,371.137248
1.8600168,339,371.143756
1.8200157,159,371.150763
35.009953,361,371.173802
0.9900179,193,371.240644
-5.4499907,143,371.248655
75.18008,395,371.302739
2.0300207,185,371.351817
75.20007,367,371.434951
1.5800216,185,371.447474
75.20007,367,371.478513
3.640023,191,371.624223
1.3600166,163,371.667291
4.4200287,219,371.724166
1.5300207,185,371.732172
14.870028,327,371.783252
-2.0799823,213,371.856363
2.50002,285,371.875894
-4.329989,223,371.930473
10.730024,347,371.976037
-5.619995,115,372.029638
-0.59998417,183,372.105753
15.030031,361,372.122776
-0.09998226,177,372.138297
35.009953,397,372.169312
-0.08998203,177,372.198945
15.090033,403,372.220468
-0.10998249,177,372.253014
35.009953,327,372.302079
-0.10998249,177,372.340419
20.180044,447,372.352942
-0.08998203,177,372.364959
-0.01998043,177,372.423054
-0.069981575,177,372.467624
0.9000175,167,372.494164
3.0100183,383,372.508685
-4.4099894,151,372.560756
1.9798279e-05,177,372.602817
-0.069981575,177,372.619339
-0.069981575,177,372.689453
-0.079981804,177,372.708482
-1.9199908,135,372.708482
-0.10998249,177,372.745033
-0.059981346,177,372.789598
-0.12998295,177,372.828668
-0.11998272,177,372.842184
1.8200157,159,372.896769
-0.079981804,177,372.903277
1.3600166,163,372.949342
75.36006,313,373.038495
-0.12998295,177,373.048508
1.3400161,161,373.065033
-0.049981117,177,373.096594
1.8200157,159,373.150674
-2.759986,177,373.180724
-0.09998226,177,373.198753
17.840038,659,373.232317
-0.08998203,177,373.239828
4.0200205,179,373.334969
14.56002,323,373.385052
1.8200157,159,373.588494
-0.11998272,177,373.607062
1.8200157,159,373.644133
35.439964,321,373.654651
-0.12998295,177,373.665163
14.620022,323,373.703237
15.210024,299,373.710744
35.54997,303,373.726263
1.8200157,159,373.760318
35.119957,303,373.854463
4.6600237,367,373.916769
13.46003,357,373.983372
1.8200157,159,374.020419
75.20007,367,374.036441
14.56002,323,374.082061
75.18008,397,374.14216
1.8200157,159,374.172204
1.8200157,159,374.268857
-0.11998272,177,374.369515
75.18008,397,374.415087
-0.11998272,177,374.440623
-0.12998295,177,374.475205
-0.11998272,177,374.492229
2.9800177,301,374.506764
-4.85999,327,374.524292
75.20007,367,374.580604
35.009953,361,374.608645
75.20007,367,374.666751
35.009953,397,374.697796
-0.11998272,177,374.74338
35.009953,395,374.754902
1.3600166,163,374.825015
-0.11998272,177,374.904134
-0.12998295,177,374.934215
-0.11998272,177,374.975981
-3.8599882,167,374.993013
-0.12998295,177,374.993013
-0.11998272,177,375.006026
75.20007,367,375.082222
-0.02998066,177,375.089321
-0.069981575,177,375.11886
-2.0299807,177,375.189486
-0.11998272,177,375.222042
75.18008,397,375.249591
-0.10998249,177,375.274149
-0.12998295,177,375.283082
75.18008,397,375.2966
-5.619995,115,375.305113
-0.09998226,177,375.362224
-0.059981346,177,375.442293
-0.069981575,177,375.52601
-0.10998249,177,375.546889
-0.08998203,177,375.547892
-0.11998272,177,375.564428
1.8200157,159,375.604006
-0.11998272,177,375.664133
-0.12998295,177,375.698895
-0.12998295,177,375.824235
-5.639995,113,375.94696
1.8200157,159,375.966015
1.8200157,159,376.034394
-0.11998272,177,376.110534
35.149956,309,376.248861
34.979954,329,376.248861
6.8200264,209,376.28894
34.989952,361,376.31899
34.989952,361,376.397494
75.20007,367,376.413516
75.20007,367,376.436039
75.20007,367,376.559545
11.580032,237,376.606165
14.570021,323,376.619727
-4.729985,223,376.697875
-4.2299857,223,376.715407
34.989952,361,376.73444
-4.90999,223,376.779039
32.029953,337,376.790553
-6.0300007,143,376.806584
-6.0300007,177,377.009781
-4.5599813,223,377.034314
-5.639995,113,377.045336
2.7000244,199,377.05235
-4.90999,223,377.133489
12.47003,303,377.208634
-4.2099853,223,377.217644
-0.12998295,177,377.217644
14.870028,367,377.264215
-4.1399846,327,377.282238
-4.90999,223,377.333313
-0.12998295,177,377.567021
-0.12998295,177,377.57453
-0.12998295,177,377.581037
1.4600191,185,377.685205
16.130033,367,377.685205
1.8200157,159,377.696726
12.290026,369,377.704236
1.4600191,185,377.772438
-0.12998295,177,377.806839
-1.2099848,183,377.843347
14.97003,369,377.890309
1.5800216,185,377.914343
35.009953,397,377.959971
35.009953,397,377.968991
-1.9199908,135,378.119503
35.009953,361,378.12902
35.029953,329,378.273342
-0.11998272,177,378.305405
-5.639995,113,378.315427
-4.0499816,223,378.335479
1.8200157,159,378.378103
1.8200157,159,378.41967
-1.5999842,177,378.553613
-5.639995,113,378.590681
12.560032,303,378.640792
1.8200157,159,378.745149
14.7800255,303,378.786669
75.20007,369,378.865411
1.380017,165,378.913236
1.8200157,159,378.944302
14.810026,359,378.958832
15.570032,363,379.053459
15.410028,311,379.076498
1.8200157,159,379.091026
-5.639995,113,379.30344
35.21996,385,379.322617
14.570021,323,379.393265
-0.08998203,177,379.433328
1.3600166,163,379.433328
34.979954,325,379.628751
2.4200182,281,379.628751
4.6600237,367,379.628751
5.1600237,395,379.640778
75.17008,399,379.670829
14.710024,299,379.728955
35.079956,381,379.84719
1.5800216,185,379.886247
1.8200157,159,379.919819
2.0800216,185,379.999968
14.620022,317,380.063613
4.440028,327,380.078143
34.96995,325,380.106203
-2.579982,171,380.175277
-0.5499811,179,380.1936
0.8800161,165,380.242689
4.3200264,209,380.285262
35.029953,323,380.392508
15.900028,489,380.516768
75.230095,391,380.556854
-0.4599793,181,380.609967
15.080032,363,380.817855
3.1800222,393,380.875459
-4.379989,201,380.890905
12.410028,319,380.912437
35.999966,351,380.96963
1.5300198,285,380.981144
11.360027,295,381.044765
11.97003,355,381.057785
1.0700216,299,381.13543
-5.439991,201,381.14244
-4.93999,201,381.181024
14.05003,335,381.262693
34.24997,417,381.390942
-4.319987,201,381.501267
12.430027,391,381.51479
12.800037,311,381.547855
33.059967,443,381.763385
0.16002347,233,381.824503
13.020042,335,381.834521
11.880028,323,381.941213
2.260026,339,381.979285
10.690023,275,381.979285
13.380039,377,382.030857
10.710024,317,382.064493
2.5100317,401,382.077077
12.330027,399,382.218338
0.45001888,297,382.245377
0.6800232,293,382.335448
-5.4899907,195,382.370002
0.38001537,467,382.399056
0.3200159,343,382.48132
11.850025,349,382.535396
2.1100216,465,382.582487
0.38001728,339,382.702771
10.730024,317,382.702771
0.40001774,269,382.712784
10.720024,273,382.775385
0.16002347,213,382.8211
0.280015,255,382.905725
0.5300188,357,382.947292
10.740023,333,382.977373
-4.91999,201,383.023459
10.770025,355,383.032465
0.29001427,269,383.06903
-1.6999846,207,383.092561
0.5900173,423,383.105577
-5.4899907,201,383.135621
10.660023,273,383.152651
-4.5799813,201,383.266965
-5.4899907,201,383.266965
2.4100294,347,383.342634
-5.4899907,201,383.360173
-1.7499857,207,383.437025
-1.719985,207,383.562772
1.9600191,311,383.610362
-4.159983,197,383.619382
-5.4899907,201,383.670966
-5.4899907,201,383.730058
0.36002803,213,383.739076
2.2300253,301,383.793693
-4.92999,201,383.911421
-1.7099848,181,383.935746
12.940029,339,384.002859
0.24001408,263,384.026402
12.580032,325,384.033914
2.5600214,313,384.052445
0.83001614,295,384.116538
-3.5999825,217,384.170126
-3.6799843,217,384.214701
-4.93999,201,384.283808
-5.4899907,201,384.341398
2.6900244,477,384.341398
12.90004,371,384.399016
-4.5799813,201,384.475813
1.9400187,269,384.482916
-5.4899907,201,384.50145
-4.5799813,201,384.56907
-5.4899907,201,384.592604
-5.4899907,201,384.723834
-1.099971,217,384.807984
4.520031,433,384.816997
0.21002483,213,384.974756
2.130023,489,385.012837
1.9400187,269,385.090489
12.270025,401,385.188325
73.100044,415,385.216886
-3.4099774,223,385.216886
10.660023,257,385.223899
32.69996,351,385.324632
32.82996,421,385.3627
1.910018,359,385.430331
12.300026,345,385.535549
1.9200182,359,385.5992
1.8800173,343,385.651807
1.9400187,269,385.68286
1.9500189,271,385.697384
2.5200202,181,385.786548
1.9300175,359,385.843661
-0.26998615,281,385.948185
32.85996,339,386.149319
-1.7099736,215,386.161343
0.6300218,281,386.198957
1.910018,319,386.216572
0.28001404,259,386.216572
1.9400187,269,386.276999
12.350025,311,386.296888
2.9200287,335,386.387122
-2.0099807,177,386.441249
0.26001453,257,386.600396
2.1100225,287,386.615731
1.910018,319,386.663016
2.0100203,277,386.688604
-0.2899754,211,386.749214
-3.3299875,165,386.75823
32.77996,341,386.852929
-3.079982,175,386.970999
2.0100203,323,386.990555
-0.55998135,203,387.108278
0.24001408,251,387.136832
-0.24998665,281,387.15515
1.9600182,289,387.17118
0.2500143,253,387.425939
1.9200172,359,387.49413
0.77002335,407,387.586852
1.9400177,269,387.626929
12.350027,311,387.64597
0.9700289,471,387.733127
1.9300184,347,387.775706
2.2300253,355,387.819002
-4.2099843,217,387.845042
1.870017,345,387.855054
-0.22998524,353,387.963739
10.660023,257,387.983768
11.200024,285,388.046874
12.690033,339,388.063904
-4.0399804,197,388.081425
0.6900244,359,388.108473
12.47003,333,388.150546
-1.7599745,223,388.234707
-3.3599877,213,388.252808
10.7800255,257,388.35287
0.24001408,251,388.531531
1.9400187,269,388.622701
-6.0300007,143,388.65025
31.019955,323,388.669287
0.24001408,251,388.714957
2.1600237,455,388.785751
2.1100225,287,388.811302
1.9400187,269,388.852879
1.9200182,359,388.915001
-3.1199875,213,389.094951
10.720024,301,389.157084
12.310026,327,389.169653
2.170023,461,389.265859
1.9200182,349,389.276878
12.400028,301,389.289353
-3.669984,197,389.450606
3.1200228,293,389.597043
-2.4299798,223,389.640666
1.9300165,479,389.684773
32.88996,335,389.856103
1.9000177,359,390.056165
12.900028,351,390.073192
13.47003,335,390.085225
10.680023,263,390.108773
32.859962,421,390.127306
-3.4999807,177,390.180411
12.300026,343,390.224998
7.7400246,201,390.224998
1.9200182,337,390.254044
1.9000177,359,390.313157
12.2800255,331,390.342213
-3.5099802,223,390.361746
0.33001423,533,390.442917
32.649956,393,390.533122
2.1800241,341,390.549652
4.580021,185,390.74035
2.4300184,327,390.840013
10.690023,263,390.88881
10.680023,263,390.921372
1.9300184,271,390.958693
-0.20998669,293,390.977727
1.0200195,317,391.065888
1.9600191,289,391.112981
1.870017,295,391.133015
8.800026,209,391.180689
1.9000177,353,391.421855
1.9500189,289,391.431363
1.9300184,359,391.471449
1.910018,359,391.496006
-0.03998089,193,391.531804
1.9000177,353,391.567963
-0.049981117,189,391.616181
-2.7999868,177,391.675331
-4.8699884,223,391.714901
2.00002,459,391.738516
-4.89999,327,391.830091
-2.199986,213,391.851127
73.70007,351,392.157177
12.810026,283,392.157177
75.18008,389,392.229866
2.9900198,303,392.297118
10.660023,257,392.463275
-2.5099797,177,392.535916
1.870017,295,392.572988
33.07997,309,392.588518
0.2500143,253,392.621579
2.4400187,293,392.652146
13.0000305,333,392.663155
2.5600204,329,392.733971
11.200024,285,392.775035
1.870017,295,392.79056
12.48003,335,392.826281
12.450029,331,393.052365
1.9900198,315,393.217695
-3.6099832,217,393.229294
1.910018,327,393.256331
-4.93999,201,393.256331
12.340027,333,393.313436
-2.2999756,197,393.348989
-2.5399806,197,393.401581
1.9000177,359,393.458706
-4.189984,217,393.503281
12.560032,329,393.514302
1.9700193,305,393.54336
2.1600237,365,393.887243
14.190035,329,393.897769
-3.4999807,187,393.939867
35.88996,415,394.010032
12.700035,401,394.033486
-3.4899797,223,394.043503
-4.0399804,223,394.06004
12.870028,317,394.155352
-3.4499784,223,394.225545
1.8600168,327,394.619797
11.100033,237,394.627812
1.870017,295,394.690556
1.9500189,271,394.72755
0.68002415,305,394.78165
1.8500166,383,394.875342
2.090022,285,395.023161
2.0200205,399,395.065226
3.800027,333,395.168488
13.950029,331,395.221609
12.780037,383,395.273262
-3.5699818,217,395.28161
32.82997,311,395.298675
3.4100409,361,395.324234
34.249958,371,395.339767
3.8200274,343,395.365302
2.6400223,381,395.39887
12.440029,329,395.559334
1.9800196,319,395.597888
12.330027,333,395.676484
2.9000292,443,395.83448
12.47003,367,395.841491
12.640034,333,395.944248
12.48003,335,396.045437
12.920029,317,396.056452
12.640034,303,396.088095
2.6100216,289,396.128175
3.9100294,429,396.147193
12.760036,321,396.163484
14.220036,335,396.163484
2.3800287,343,396.188058
3.6600237,331,396.195565
13.210035,335,396.237647
12.410028,327,396.413383
33.109955,335,396.474486
12.46003,333,396.548626
1.9400187,269,396.557154
-5.4899907,201,396.59875
12.740036,373,396.820679
12.46003,335,396.831979
2.6100225,287,396.890282
2.0800219,285,396.905305
13.930029,325,397.028763
12.920029,323,397.046296
12.950029,373,397.062191
12.430029,327,397.10083
13.920029,357,397.126364
12.640034,311,397.228423
12.5000305,303,397.266481
3.590022,285,397.304535
32.79996,425,397.318055
-3.529981,197,397.352104
3.760026,327,397.413209
-5.4899907,201,397.450794
2.1100225,519,397.480923
1.9400187,269,397.549175
-5.4899907,201,397.591891
12.600033,401,397.659577
0.30002666,213,397.665578
-1.769975,217,397.69564
1.9500189,271,397.76206
-0.7599747,205,397.772077
3.3700285,349,397.823664
-3.6599839,197,397.830176
12.48003,335,397.916349
-3.539981,177,398.008253
-1.7799752,221,398.024269
-1.329977,213,398.033278
1.9400187,269,398.058833
12.930029,327,398.129744
12.300026,343,398.221578
-4.159983,217,398.236599
2.0100203,323,398.271176
1.9400187,269,398.304223
0.36002803,213,398.340281
0.22002484,207,398.381863
10.6500225,273,398.390377
1.9800177,297,398.607628
-4.93999,201,398.634178
1.9300184,351,398.688079
10.760025,269,398.7031
-5.4899907,201,398.738305
12.330027,321,398.748323
-5.4899907,201,398.864038
12.46003,333,398.95469
-5.4899907,201,398.972228
12.380028,333,398.985748
10.6500225,263,399.002281
10.660023,257,399.053886
12.96003,363,399.095537
12.640034,329,399.161161
12.450029,331,399.31853
-2.299975,223,399.447465
13.190035,401,399.458993
32.839962,341,399.529878
1.9000177,359,399.608697
1.9300184,347,399.636733
1.8900175,365,399.724899
13.230036,363,399.731411
0.82002735,213,399.754451
12.580032,317,399.831101
2.450019,331,399.897737
2.0300207,443,399.91445
14.070032,331,399.921959
2.1200228,339,399.92855
0.23002507,213,399.940573
1.2000244,197,400.040522
12.300026,343,400.066611
35.67997,405,400.201886
13.210035,335,400.459366
1.870017,295,400.474398
-1.5199804,185,400.481905
0.280015,259,400.504466
1.8600168,327,400.586471
0.8300152,295,400.699957
1.9400177,269,400.711473
12.99003,333,400.726249
2.6500225,353,400.761312
1.910018,321,400.840533
1.9000177,329,400.854547
1.910018,331,400.871077
10.730024,309,400.920163
2.0100203,493,400.957717
12.900028,327,401.104511
28.439932,395,401.157608
6.690035,267,401.284409
-0.38997746,223,401.292295
12.330027,333,401.357432
12.610033,345,401.388202
-3.4999819,185,401.402227
2.0200205,345,401.418257
1.9200182,269,401.438155
-4.0199804,223,401.452179
1.9300184,337,401.596656
-2.7899866,165,401.602676
12.820026,333,401.647834
-1.6299839,203,401.659445
4.180023,303,401.752338
2.0100203,487,401.768874
1.9000168,353,401.790913
2.4700193,345,401.796422
-3.569982,177,401.882783
-3.049984,223,401.901303
-4.0399804,223,401.987469
-4.0499806,223,402.037556
2.9800184,177,402.109779
12.870028,317,402.141829
-4.2399893,223,402.187414
-2.199985,165,402.19743
1.910018,319,402.217948
-3.1899843,223,402.235475
-3.5199804,177,402.258515
1.8900175,319,402.297856
12.2800255,331,402.314455
34.159954,309,402.425639
0.29001522,257,402.438155
-2.7599869,213,402.550394
-3.539981,177,402.581461
30.999954,323,402.633902
1.9600191,289,402.658955
-3.3399875,145,402.67298
-2.5499806,177,402.72205
1.910017,337,402.766066
-0.2899866,251,402.812645
2.960018,173,402.878777
1.910018,319,402.884782
-4.0399804,223,402.893791
1.910018,319,403.077625
12.270025,343,403.102158
1.870017,345,403.118188
1.870017,345,403.138222
-5.4899907,201,403.207853
0.26001453,253,403.258947
1.870017,327,403.30007
0.26001453,251,403.310593
-5.4899907,201,403.351144
10.660023,271,403.380713
12.720036,321,403.40876
1.9700193,317,403.551241
-5.4899907,201,403.64293
-1.1499834,273,403.790636
-4.3899894,201,403.821198
12.6300335,403,403.834722
3.6900244,375,403.875309
13.850039,383,403.906354
13.010031,387,403.915874
14.260036,355,404.037622
2.8400269,363,404.090957
2.0700216,285,404.154577
14.150034,303,404.179636
13.290037,397,404.246601
13.330038,363,404.259625
-5.4899907,201,404.324448
73.66004,409,404.334959
2.450019,269,404.354989
13.910028,323,404.413607
2.3100271,463,404.556598
1.0000198,177,404.622092
-1.9099779,223,404.631851
1.9400187,305,404.652134
12.340027,333,404.728332
1.910018,319,404.76993
1.9400187,363,404.850111
1.9000177,359,404.871648
-3.5099802,177,404.904697
-1.0699701,245,404.934765
13.920029,325,404.979846
12.860027,317,405.046962
10.660023,257,405.072038
12.880028,317,405.122941
12.880028,297,405.154803
-4.0399804,223,405.361687
0.31001568,387,405.377738
-0.03998089,193,405.388251
1.910018,319,405.44688
1.920018,169,405.518017
-6.0300007,177,405.518017
1.8800173,327,405.52603
1.8600168,327,405.534041
1.8600168,327,405.549567
-5.299991,223,405.582627
-6.0300007,177,405.602149
-0.1799841,337,405.642854
4.040021,317,405.767361
12.300026,343,405.787914
1.8600168,327,405.82311
-6.0300007,177,405.856174
-6.0300007,177,405.871723
1.870017,277,405.906288
-6.01,143,405.916845
-6.0300007,177,406.048496
-3.079988,195,406.055001
-6.0300007,177,406.07655
9.48003,225,406.126129
-4.729986,221,406.142161
12.830027,287,406.218467
12.320026,369,406.375818
42.47996,369,406.532353
10.660023,257,406.591477
12.310026,367,406.659966
10.720024,317,406.669472
1.9800196,297,406.690504
1.9600182,289,406.724088
1.8600168,327,406.739605
1.8600168,327,406.812132
0.33001614,413,406.902262
1.9900198,295,406.951349
12.47003,333,406.980465
12.56003,347,407.020544
1.9600191,289,407.030558
5.470031,349,407.105202
-2.4999795,223,407.144758
12.590033,401,407.180841
1.9200182,269,407.317132
-4.0399804,223,407.326062
5.4600306,345,407.360131
1.9500189,271,407.457786
12.940029,329,407.538021
33.099957,329,407.548039
12.940029,329,407.567118
31.019955,325,407.678308
-2.6399827,223,407.742941
-2.7699857,223,407.773499
0.29001522,257,407.79503
1.910018,319,407.805043
1.9800196,297,407.827118
12.510031,333,407.90496
10.670023,363,407.946032
12.600029,395,407.960841
0.2700262,213,408.02293
1.9600191,289,408.07656
-4.109982,197,408.088579
1.9700184,289,408.118138
-2.51998,223,408.136173
1.910018,359,408.261898
-0.069981575,213,408.333856
-1.2099848,213,408.378571
0.29001522,257,408.41714
1.9000177,353,408.473741
-3.999981,223,408.492274
1.9800177,297,408.577974
12.410028,309,408.602698
10.660023,257,408.619724
1.9300184,359,408.619724
4.970031,225,408.670307
10.660023,257,408.774203
1.910018,359,408.878086
1.8800173,345,408.904134
1.9000168,359,408.999661
2.1600237,375,409.086018
0.2000246,213,409.117088
1.8800173,345,409.144145
12.870028,317,409.144145
0.29001522,289,409.15667
-1.3499765,213,409.163178
1.8800173,345,409.257862
-4.0399804,223,409.350545
1.9000177,337,409.356559
1.9000177,359,409.400643
12.340027,333,409.458245
12.330027,333,409.475782
2.00002,321,409.500824
7.1300335,245,409.549603
-5.4899907,201,409.676355
2.0200205,345,409.794928
-3.49998,185,409.849544
1.9500189,271,409.87409
1.9500189,271,409.87409
12.890028,351,409.932461
-2.5799813,177,409.958019
12.46003,335,409.988368
-4.0399804,223,410.003888
12.46003,331,410.014914
12.340027,333,410.059124
-2.479979,223,410.073133
1.9700193,305,410.095173
-4.0399804,223,410.116328
-4.1199822,223,410.166942
2.450019,331,410.266129
-3.2699876,213,410.286162
-5.4499907,143,410.368401
-6.0300007,177,410.382937
-5.619995,115,410.417009
-6.0300007,177,410.456676
-3.3599877,213,410.491732
-2.7999868,177,410.527295
-0.1499834,193,410.577905
-2.7999868,177,410.676156
-4.9299903,223,410.728746
1.9200172,337,410.748772
-4.85999,327,410.777313
-6.0300007,143,410.804352
0.50002,193,410.818885
-6.0300007,143,410.846924
2.4400187,283,410.868472
32.709957,301,410.959123
-4.73999,223,410.996179
-0.01998043,193,411.01321
2.4000175,169,411.030729
2.410018,389,411.081131
-3.199988,213,411.098548
-2.1399858,165,411.123103
12.380028,309,411.211888
76.22004,357,411.265987
2.420018,169,411.291542
-2.5999818,223,411.368171
3.6600206,193,411.374181
-3.3299875,213,411.386201
-2.6699867,165,411.401725
2.4200182,345,411.628653
2.3800173,345,411.651701
0.9900198,177,411.674231
0.2500143,253,411.691758
-3.1999729,223,411.702778
12.300026,343,411.717298
1.9500189,271,411.791744
10.210022,321,411.839703
-1.7599745,223,411.876769
-5.4899907,201,411.899801
12.48003,343,411.991457
0.31001568,393,412.037035
-4.3899894,201,412.15656
1.9000177,307,412.163078
1.9600191,319,412.206643
-4.93999,201,412.213149
36.23997,373,412.242683
14.220036,329,412.255203
-1.0299816,217,412.273235
-0.6199837,235,412.282248
-0.63998413,235,412.304283
-5.4899907,201,412.327322
-0.11998272,235,412.339839
-1.1699839,207,412.424681
-1.1899843,235,412.461239
-4.92999,201,412.527103
-1.7399855,207,412.586217
-1.7399855,207,412.707958
-4.3899894,201,412.736514
-5.4899907,203,412.771585
-0.10998249,235,412.782105
-4.3899894,201,412.797122
-1.719985,207,412.797122
13.210035,353,412.824422
-1.1899853,235,412.837436
-1.7499857,207,412.845447
-0.11998272,237,412.909092
-1.0399818,235,412.942632
-0.059981346,235,412.954148
-1.629983,215,412.998044
-1.7299852,215,413.038645
-1.7399855,207,413.084217
-1.6399832,215,413.163115
-4.91999,201,413.273427
-5.4899907,201,413.309005
-4.90999,201,413.328238
-4.3899894,201,413.365296
-5.4899907,201,413.532909
0.24001408,255,413.558458
14.41004,305,413.579511
10.710024,273,413.640664
3.8400278,369,413.676212
2.9000292,345,413.697242
10.620022,261,413.749753
3.8800287,355,413.756763
13.47003,357,413.776288
10.660023,257,413.825366
-3.5699813,199,413.835381
2.6200342,325,413.842895
12.620033,345,413.860432
-1.4399817,183,414.116407
-0.19997333,207,414.116407
12.48003,335,414.185269
1.8600168,327,414.2014
1.9200182,269,414.237521
-1.239974,213,414.297132
-1.2899754,213,414.369974
15.780037,423,414.369974
0.24001408,251,414.400015
2.450019,331,414.426248
2.4200182,301,414.479341
12.400026,309,414.485345
10.690023,263,414.510387
10.670023,263,414.53206
0.30002666,207,414.655295
-1.8499787,197,414.826588
32.979965,383,414.92337
0.2500143,253,414.952912
2.0100203,459,415.056851
-2.649983,223,415.079885
10.660023,257,415.135474
1.9300184,359,415.152997
1.9300184,295,415.167525
0.29001522,257,415.253161
1.9200182,269,415.282214
0.26001453,253,415.288225
12.650034,379,415.30325
12.320026,333,415.347329
1.9000168,337,415.473272
3.1400182,191,415.503338
-2.7499852,223,415.51937
0.05002117,193,415.540907
1.9200172,359,415.623551
1.420018,169,415.676499
12.2800255,331,415.703039
-4.809987,223,415.726616
-4.92999,223,415.749164
-5.229991,223,415.813786
-6.0300007,177,415.847372
1.9800193,177,415.960738
-5.619995,115,415.99081
-4.3599906,143,416.014358
-6.0300007,177,416.019851
-4.769986,223,416.026359
-2.6999846,213,416.080312
14.56002,323,416.113372
12.390028,305,416.202276
-6.0300007,177,416.220303
2.0100193,287,416.294384
12.290026,367,416.322934
-3.199988,213,416.336392
-2.6699839,213,416.389479
2.420018,169,416.421023
-4.3299885,223,416.442554
32.67996,301,416.517382
0.280015,255,416.66156
0.24001408,251,416.674632
-2.0299804,233,416.719216
12.840027,275,416.740758
-5.4899907,203,416.741758
0.280015,255,416.751772
1.9600191,305,416.828457
2.5100193,553,416.839845
-3.6599839,217,416.867396
0.8300152,329,417.047617
2.1000223,285,417.150137
2.0600204,285,417.172176
-1.9199784,187,417.212273
16.300037,347,417.22629
-2.419978,185,417.231796
12.48003,335,417.265355
-4.059981,197,417.338551
1.910018,319,417.35305
1.9200182,269,417.379122
5.930029,405,417.394645
10.970041,279,417.418901
2.4400177,269,417.458523
10.660023,257,417.513753
1.9400187,269,417.568367
12.820026,333,417.625484
-2.759986,165,417.652021
0.27001476,257,417.734659
2.630021,193,417.774729
-3.3599877,213,417.792779
-3.4799795,223,417.820833
-0.2899866,253,417.835359
10.660023,257,417.868912
-0.079981804,193,417.928516
1.8200157,159,417.989706
3.0000188,177,418.109445
12.840027,297,418.120957
32.549953,285,418.138489
-5.619995,115,418.162548
14.600021,321,418.197596
32.549953,285,418.206256
1.380017,165,418.250841
-4.3199887,223,418.318458
34.989952,361,418.326469
-3.3399885,143,418.361803
-2.2499862,213,418.389877
12.400028,309,418.444466
2.410018,389,418.531332
1.8200157,159,418.536839
-5.619995,115,418.556877
-0.5999825,167,418.570897
2.9600182,309,418.60847
1.9798279e-05,177,418.615474
1.9798279e-05,177,418.641487
-5.619995,115,418.648492
0.5000198,177,418.68305
1.0000198,177,418.689565
2.4200182,357,418.732127
1.3600166,163,418.771181
-0.12998295,177,418.8493
-5.639995,113,418.859818
-0.11998272,177,418.880848
-0.069981575,177,418.934449
75.18008,397,418.992536
-0.11998272,177,419.050137
1.8200157,159,419.057149
-1.5799837,177,419.069162
1.0500202,193,419.081685
-0.11998272,177,419.109727
-0.12998295,177,419.136757
-0.059981346,177,419.144769
-0.83998895,143,419.182847
1.8200157,159,419.189873
-1.6099844,177,419.189873
-1.7099857,177,419.196876
1.8200157,159,419.325498
-0.059981346,177,419.350038
1.9798279e-05,177,419.358553
-5.639995,113,419.37842
-0.08998203,177,419.433021
-0.11998272,177,419.489113
1.8400161,161,419.508658
-0.10998249,177,419.554718
1.8200157,159,419.571249
1.8400161,161,419.584775
-1.6999855,177,419.600291
1.3600166,163,419.627831
-0.11998272,177,419.66259
-0.12998295,177,419.671097
-0.11998272,177,419.677603
-0.11998272,177,419.806441
-0.11998272,177,419.830969
2.4400187,283,419.858518
1.8200157,159,419.866521
-5.619995,115,419.878381
-0.13998318,193,419.891945
1.8200157,159,419.960589
-0.11998272,177,420.000345
-4.90999,223,420.015862
-0.10998249,177,420.156145
-0.12998295,177,420.16566
-0.11998272,177,420.183686
1.8200157,159,420.20722
-0.11998272,177,420.216731
0.9000175,167,420.232252
-0.11998272,177,420.2588
-5.619995,115,420.292846
-0.11998272,177,420.399027
-0.12998295,177,420.421071
-0.11998272,177,420.452124
-0.08998203,177,420.46765
-0.079981804,177,420.480682
-2.9599912,131,420.547779
-0.02998066,177,420.557295
-0.11998272,177,420.593851
1.8200157,159,420.641651
-0.12998295,177,420.674747
-0.11998272,177,420.715827
-0.08998203,177,420.728702
-0.079981804,177,420.740727
-0.11998272,177,420.766763
-5.619995,115,420.77277
-0.12998295,177,420.905491
-0.10998249,177,420.966603
-0.079981804,177,420.97712
1.8200157,159,420.991659
1.8200157,159,421.034729
-0.12998295,177,421.049246
1.3600166,163,421.098855
1.8200157,159,421.117888
75.19008,399,421.207058
-0.11998272,177,421.213568
-0.11998272,177,421.239739
-0.11998272,177,421.268775
-0.10998249,177,421.276513
75.20007,367,421.370187
1.8200157,159,421.408773
1.8200157,159,421.482875
-0.11998272,177,421.544997
-0.12998295,177,421.561033
75.20007,367,421.568542
-1.6999855,177,421.613043
-0.08998203,177,421.626567
-0.12998295,177,421.698718
